date,open,high,low,close,volume
2010-11-29,100.0,120.0,100.0,100.0,0
2010-11-30,120.0,144.0,120.0,144.0,13900
2010-12-01,144.0,172.0,144.0,172.0,1660
2010-12-02,200.0,200.0,200.0,200.0,110
2010-12-03,210.0,210.0,210.0,210.0,52
2010-12-06,188.0,215.0,188.0,215.0,915
2010-12-07,230.0,230.0,180.0,200.0,758
2010-12-08,200.0,200.0,200.0,200.0,85
2010-12-09,200.0,200.0,200.0,200.0,85
2010-12-10,205.0,205.0,205.0,205.0,0
2010-12-13,205.0,205.0,205.0,205.0,150
2010-12-14,215.0,215.0,215.0,215.0,3
2010-12-15,220.0,220.0,220.0,220.0,289
2010-12-16,177.0,200.0,177.0,200.0,100
2010-12-17,200.0,200.0,200.0,200.0,100
2010-12-20,160.0,190.0,160.0,190.0,79
2010-12-21,190.0,190.0,190.0,190.0,79
2010-12-22,180.0,180.0,152.0,152.0,940
2010-12-23,140.0,159.0,140.0,159.0,710
2010-12-27,159.0,159.0,159.0,159.0,490
2010-12-28,159.0,159.0,159.0,159.0,490
2010-12-29,130.0,130.0,130.0,130.0,90
2010-12-30,130.0,175.0,131.0,131.0,90
2011-01-03,130.0,130.0,130.0,130.0,90
2011-01-04,156.0,156.0,156.0,156.0,10
2011-01-05,175.0,185.0,175.0,185.0,600
2011-01-06,200.0,200.0,200.0,200.0,10
2011-01-07,178.0,200.0,178.0,200.0,300
2011-01-10,200.0,200.0,200.0,200.0,300
2011-01-11,200.0,200.0,200.0,200.0,300
2011-01-12,200.0,200.0,200.0,200.0,300
2011-01-13,200.0,200.0,200.0,200.0,300
2011-01-14,200.0,200.0,200.0,200.0,300
2011-01-18,200.0,200.0,200.0,200.0,300
2011-01-19,200.0,200.0,200.0,200.0,300
2011-01-20,200.0,200.0,200.0,200.0,300
2011-01-21,200.0,200.0,200.0,200.0,300
2011-01-24,200.0,200.0,200.0,200.0,300
2011-01-25,200.0,200.0,200.0,200.0,300
2011-01-26,200.0,200.0,200.0,200.0,300
2011-01-27,200.0,200.0,200.0,200.0,300
2011-01-28,200.0,200.0,200.0,200.0,300
2011-01-31,200.0,200.0,200.0,200.0,300
2011-02-01,200.0,200.0,200.0,200.0,300
2011-02-02,180.0,200.0,180.0,200.0,6020
2011-02-03,200.0,200.0,200.0,200.0,0
2011-02-04,199.0,200.0,199.0,200.0,3544
2011-02-07,190.0,190.0,190.0,190.0,600
2011-02-08,190.0,200.0,190.0,200.0,600
2011-02-09,200.0,200.0,200.0,200.0,0
2011-02-10,200.0,200.0,200.0,200.0,0
2011-02-11,200.0,200.0,200.0,200.0,0
2011-02-14,200.0,200.0,200.0,200.0,0
2011-02-15,200.0,200.0,200.0,200.0,0
2011-02-16,200.0,200.0,200.0,200.0,0
2011-02-17,200.0,200.0,200.0,200.0,0
2011-02-18,200.0,200.0,200.0,200.0,0
2011-02-22,200.0,200.0,200.0,200.0,0
2011-02-23,200.0,200.0,200.0,200.0,0
2011-02-24,200.0,200.0,200.0,200.0,0
2011-02-25,200.0,200.0,200.0,200.0,0
2011-02-28,200.0,200.0,200.0,200.0,0
2011-03-01,200.0,200.0,200.0,200.0,2500
2011-03-02,160.0,200.0,160.0,200.0,28
2011-03-03,240.0,240.0,240.0,240.0,13
2011-03-04,240.0,240.0,240.0,240.0,0
2011-03-07,240.0,240.0,240.0,240.0,0
2011-03-08,240.0,240.0,240.0,240.0,0
2011-03-09,240.0,240.0,240.0,240.0,0
2011-03-10,240.0,240.0,240.0,240.0,0
2011-03-11,240.0,240.0,240.0,240.0,0
2011-04-04,200.0,260.0,200.0,260.0,503
2011-04-11,230.0,230.0,230.0,230.0,130
2011-04-15,184.0,184.0,184.0,184.0,373
2011-04-19,199.0,199.0,199.0,199.0,173
2011-04-20,218.0,218.0,218.0,218.0,1
2011-04-26,250.0,250.0,250.0,250.0,3
2011-04-29,259.0,300.0,257.0,300.0,415
2011-05-02,240.0,340.0,240.0,340.0,22
2011-05-03,399.0,399.0,399.0,399.0,18
2011-05-04,470.0,470.0,320.0,470.0,5
2011-05-05,559.0,560.0,540.0,540.0,158
2011-05-13,162.0,194.0,162.0,194.0,4
2011-05-16,232.0,232.0,232.0,232.0,4
2011-05-17,278.0,278.0,186.0,186.0,2
2011-05-23,163.0,223.0,163.0,223.0,39
2011-05-24,260.0,260.0,260.0,260.0,5
2011-05-25,260.0,310.0,260.0,310.0,28
2011-05-26,310.0,310.0,310.0,310.0,32
2011-05-31,347.0,347.0,347.0,347.0,1
2011-06-01,278.0,370.0,278.0,370.0,6
2011-06-02,350.0,370.0,350.0,370.0,344
2011-06-03,400.0,400.0,400.0,400.0,5
2011-06-06,435.0,435.0,320.0,320.0,103
2011-06-07,384.0,384.0,256.0,384.0,7
2011-06-10,380.0,435.0,308.0,308.0,701
2011-06-14,308.0,350.0,247.0,250.0,1311
2011-06-15,300.0,300.0,300.0,300.0,270
2011-06-16,330.0,330.0,300.0,300.0,402
2011-06-17,240.0,330.0,240.0,252.0,2975
2011-06-20,250.0,250.0,250.0,250.0,290
2011-06-21,240.0,290.0,240.0,290.0,500
2011-06-22,299.0,300.0,250.0,252.0,466
2011-06-23,250.0,250.0,250.0,250.0,208
2011-06-24,290.0,290.0,245.0,289.0,1006
2011-06-27,251.0,256.0,251.0,256.0,460
2011-06-28,251.0,251.0,251.0,251.0,3017
2011-06-29,245.0,245.0,245.0,245.0,50
2011-06-30,279.0,279.0,245.0,260.0,464
2011-07-01,278.0,278.0,278.0,278.0,1
2011-07-05,266.0,266.0,200.0,200.0,301
2011-07-06,240.0,240.0,160.0,190.0,111
2011-07-07,165.0,189.0,152.0,189.0,335
2011-07-08,152.0,152.0,152.0,152.0,350
2011-07-11,155.0,156.0,155.0,155.0,690
2011-07-13,165.0,170.0,165.0,170.0,1172
2011-07-14,175.0,175.0,136.0,136.0,5170
2011-07-15,160.0,160.0,160.0,160.0,93
2011-07-18,165.0,165.0,128.0,136.0,1627
2011-07-19,160.0,160.0,135.0,160.0,70
2011-07-20,155.0,170.0,155.0,170.0,306
2011-07-21,165.0,165.0,136.0,140.0,0
2011-07-22,140.0,149.0,130.0,141.0,3545
2011-07-25,145.0,159.0,126.0,138.0,4693
2011-07-26,144.0,144.0,130.0,140.0,4601
2011-07-27,150.0,150.0,130.0,130.0,1558
2011-07-28,121.0,130.0,121.0,130.0,200
2011-07-29,136.0,136.0,121.0,121.0,322
2011-08-01,136.0,136.0,136.0,136.0,1
2011-08-02,136.0,144.0,136.0,144.0,604
2011-08-03,116.0,145.0,116.0,145.0,51
2011-08-04,120.0,120.0,120.0,120.0,50
2011-08-08,116.0,144.0,116.0,116.0,249
2011-08-09,115.0,135.0,100.0,101.0,399
2011-08-10,121.0,121.0,105.0,105.0,60
2011-08-11,100.0,126.0,100.0,126.0,280
2011-08-12,150.0,150.0,150.0,150.0,400
2011-08-17,149.0,151.0,120.0,151.0,1680
2011-08-18,121.0,151.0,121.0,149.0,582
2011-08-24,148.0,160.0,122.0,122.0,900
2011-08-25,126.0,126.0,126.0,126.0,5
2011-08-30,148.0,148.0,118.0,118.0,1011
2011-08-31,141.0,141.0,141.0,141.0,500
2011-09-01,146.0,146.0,146.0,146.0,684
2011-09-02,150.0,154.0,150.0,154.0,534
2011-09-06,125.0,154.0,125.0,154.0,321
2011-09-08,153.0,154.0,153.0,154.0,2066
2011-09-09,125.0,125.0,125.0,125.0,500
2011-09-12,126.0,149.0,105.0,149.0,218
2011-09-13,148.0,178.0,120.0,178.0,4159
2011-09-15,186.0,186.0,186.0,186.0,1000
2011-09-16,160.0,160.0,160.0,160.0,5
2011-09-19,185.0,185.0,185.0,185.0,1000
2011-09-20,195.0,198.0,160.0,198.0,3525
2011-09-21,198.0,198.0,198.0,198.0,600
2011-09-22,195.0,198.0,195.0,198.0,2020
2011-09-23,198.0,215.0,198.0,215.0,1470
2011-09-26,215.0,258.0,209.0,230.0,2867
2011-09-27,235.0,276.0,185.0,215.0,1000
2011-09-30,255.0,255.0,255.0,255.0,8
2011-10-05,255.0,255.0,204.0,204.0,12
2011-10-06,165.0,165.0,165.0,165.0,15
2011-10-07,198.0,198.0,132.0,132.0,111
2011-10-10,125.0,125.0,121.0,121.0,102
2011-10-11,120.0,120.0,110.0,110.0,2
2011-10-12,121.0,121.0,121.0,121.0,2
2011-10-13,140.0,140.0,126.0,126.0,1001
2011-10-14,151.0,151.0,151.0,151.0,2
2011-10-17,122.0,122.0,122.0,122.0,2
2011-10-21,146.0,146.0,146.0,146.0,1
2011-10-24,150.0,150.0,150.0,150.0,104
2011-10-25,180.0,180.0,180.0,180.0,102
2011-10-26,216.0,216.0,216.0,216.0,439
2011-10-27,259.0,259.0,259.0,259.0,10
2011-10-28,259.0,310.0,220.0,260.0,1831
2011-11-02,290.0,300.0,290.0,290.0,1039
2011-11-03,260.0,260.0,260.0,260.0,9
2011-11-04,312.0,312.0,300.0,300.0,2000
2011-11-07,350.0,360.0,350.0,360.0,2584
2011-11-08,380.0,432.0,380.0,432.0,421
2011-11-09,510.0,518.0,510.0,518.0,215
2011-11-10,525.0,620.0,520.0,528.0,2025
2011-11-11,625.0,633.0,550.0,550.0,1777
2011-11-14,660.0,660.0,660.0,660.0,296
2011-11-15,660.0,660.0,660.0,660.0,3
2011-11-16,528.0,700.0,528.0,700.0,823
2011-11-17,560.0,840.0,560.0,600.0,439
2011-11-18,500.0,701.0,500.0,700.0,19
2011-11-21,560.0,560.0,560.0,560.0,10
2011-11-22,451.0,672.0,451.0,452.0,18
2011-11-23,540.0,540.0,540.0,540.0,1
2011-11-25,432.0,432.0,432.0,432.0,5
2011-11-28,346.0,518.0,346.0,347.0,11
2011-11-29,280.0,280.0,280.0,280.0,1
2011-11-30,347.0,347.0,347.0,347.0,0
2011-12-01,290.0,336.0,290.0,310.0,6
2011-12-02,372.0,372.0,372.0,372.0,2
2011-12-05,444.0,444.0,444.0,444.0,10
2011-12-06,444.0,444.0,444.0,444.0,0
2011-12-07,444.0,444.0,444.0,444.0,10
2011-12-08,530.0,530.0,530.0,530.0,1
2011-12-09,600.0,600.0,600.0,600.0,1
2011-12-12,600.0,600.0,600.0,600.0,1
2011-12-13,600.0,600.0,600.0,600.0,0
2011-12-14,598.0,598.0,598.0,598.0,10
2011-12-15,600.0,600.0,600.0,600.0,31
2011-12-16,600.0,600.0,600.0,600.0,0
2011-12-19,481.0,481.0,481.0,481.0,10
2011-12-20,481.0,481.0,481.0,481.0,0
2011-12-21,481.0,481.0,481.0,481.0,0
2011-12-22,481.0,481.0,481.0,481.0,0
2011-12-23,481.0,481.0,481.0,481.0,0
2011-12-27,500.0,500.0,500.0,500.0,0
2011-12-28,481.0,481.0,481.0,481.0,0
2011-12-29,481.0,481.0,481.0,481.0,0
2011-12-30,481.0,481.0,481.0,481.0,0
2012-01-03,481.0,481.0,481.0,481.0,0
2012-01-04,950.0,1120.0,950.0,1120.0,128
2012-01-05,1100.0,1100.0,1100.0,1100.0,450
2012-01-06,1320.0,1320.0,1320.0,1320.0,3
2012-01-09,1320.0,1320.0,1320.0,1320.0,50
2012-01-10,1500.0,1500.0,1500.0,1500.0,4
2012-01-11,1500.0,1500.0,1500.0,1500.0,0
2012-01-12,1500.0,1500.0,1500.0,1500.0,0
2012-01-13,1800.0,1800.0,1200.0,1200.0,11
2012-01-17,1440.0,1440.0,1440.0,1440.0,0
2012-01-18,1700.0,1700.0,1700.0,1700.0,2
2012-01-19,2040.0,2040.0,2040.0,2040.0,203
2012-01-20,1632.0,1632.0,1632.0,1632.0,105
2012-01-23,1640.0,1640.0,1306.0,1306.0,80
2012-01-24,1260.0,1305.0,1045.0,1225.0,96
2012-01-25,1225.0,1225.0,1225.0,1225.0,0
2012-01-26,1225.0,1225.0,1225.0,1225.0,0
2012-01-27,1470.0,1470.0,1470.0,1470.0,14
2012-01-30,1680.0,1680.0,1680.0,1680.0,60
2012-01-31,1680.0,1680.0,1680.0,1680.0,0
2012-02-01,1680.0,1680.0,1680.0,1680.0,0
2012-02-02,1880.0,1880.0,1880.0,1880.0,111
2012-02-03,2010.0,2010.0,2010.0,2010.0,5
2012-02-06,2010.0,2010.0,1608.0,1800.0,31
2012-02-07,1440.0,1500.0,1440.0,1500.0,52
2012-02-08,1500.0,1650.0,1200.0,1200.0,215
2012-02-09,1440.0,1440.0,1200.0,1201.0,141
2012-02-10,1440.0,1440.0,961.0,1149.0,3536
2012-02-13,1149.0,1378.0,970.0,1290.0,1311
2012-02-14,1111.0,1289.0,1111.0,1289.0,180
2012-02-15,1245.0,1482.0,1100.0,1481.0,1592
2012-02-16,1420.0,1420.0,1300.0,1399.0,279
2012-02-17,1255.0,1390.0,1250.0,1390.0,371
2012-02-21,1249.0,1300.0,1249.0,1300.0,155
2012-02-22,1201.0,1330.0,1200.0,1320.0,410
2012-02-23,1320.0,1320.0,1320.0,1320.0,0
2012-02-24,1110.0,1199.0,1100.0,1100.0,340
2012-02-27,1100.0,1214.0,1000.0,1199.0,541
2012-02-28,1195.0,1200.0,1195.0,1200.0,245
2012-02-29,1051.0,1180.0,1020.0,1020.0,429
2012-03-01,1198.0,1198.0,1188.0,1188.0,12
2012-03-02,1020.0,1120.0,980.0,1120.0,275
2012-03-05,980.0,1044.0,960.0,1035.0,816
2012-03-06,875.0,970.0,875.0,970.0,19
2012-03-07,1029.0,1029.0,800.0,890.0,65
2012-03-08,890.0,890.0,800.0,880.0,332
2012-03-09,705.0,799.0,704.0,799.0,92
2012-03-12,700.0,700.0,640.0,640.0,309
2012-03-13,512.0,670.0,512.0,512.0,2754
2012-03-14,512.0,614.0,512.0,614.0,1450
2012-03-15,614.0,614.0,614.0,614.0,0
2012-03-16,614.0,614.0,614.0,614.0,0
2012-03-19,630.0,736.0,630.0,700.0,1032
2012-03-20,819.0,819.0,811.0,819.0,76
2012-03-21,819.0,819.0,819.0,819.0,0
2012-03-22,880.0,880.0,750.0,850.0,350
2012-03-23,744.0,744.0,680.0,700.0,308
2012-03-26,635.0,635.0,560.0,620.0,1532
2012-03-27,580.0,600.0,500.0,550.0,757
2012-03-28,550.0,660.0,440.0,660.0,4098
2012-03-29,600.0,635.0,600.0,635.0,566
2012-03-30,508.0,550.0,508.0,550.0,477
2012-04-02,462.0,530.0,453.0,520.0,1487
2012-04-03,455.0,499.0,416.0,488.0,1106
2012-04-04,401.0,475.0,395.0,400.0,4360
2012-04-05,400.0,478.0,320.0,370.0,7210
2012-04-09,370.0,370.0,370.0,370.0,0
2012-04-10,420.0,430.0,301.0,344.0,3697
2012-04-11,340.0,359.0,311.0,311.0,525
2012-04-12,327.0,327.0,325.0,325.0,25
2012-04-13,321.0,345.0,266.0,343.0,0
2012-04-16,343.0,362.0,303.0,311.0,197
2012-04-17,330.0,362.0,314.0,314.0,1290
2012-04-18,314.0,314.0,314.0,314.0,0
2012-04-19,352.0,376.0,322.0,376.0,1192
2012-04-20,399.0,444.0,366.0,366.0,792
2012-04-23,350.0,439.0,325.0,438.0,115
2012-04-24,395.0,479.0,395.0,479.0,1468
2012-04-25,478.0,573.0,460.0,568.0,3763
2012-04-26,580.0,669.0,570.0,655.0,3018
2012-04-27,655.0,700.0,600.0,700.0,3567
2012-04-30,700.0,700.0,700.0,700.0,0
2012-05-01,700.0,700.0,700.0,700.0,0
2012-05-02,690.0,690.0,655.0,685.0,695
2012-05-03,688.0,690.0,685.0,690.0,295
2012-05-04,650.0,690.0,650.0,690.0,150
2012-05-07,690.0,690.0,690.0,690.0,0
2012-05-08,576.0,660.0,571.0,599.0,201
2012-05-09,647.0,690.0,480.0,590.0,1477
2012-05-10,475.0,527.0,472.0,525.0,957
2012-05-11,428.0,480.0,425.0,450.0,1125
2012-05-14,460.0,525.0,414.0,480.0,921
2012-05-15,522.0,569.0,460.0,525.0,628
2012-05-16,500.0,544.0,480.0,510.0,507
2012-05-17,539.0,568.0,460.0,524.0,495
2012-05-18,494.0,570.0,430.0,490.0,1506
2012-05-21,436.0,479.0,405.0,479.0,657
2012-05-22,497.0,510.0,385.0,392.0,3323
2012-05-23,350.0,400.0,315.0,338.0,10222
2012-05-24,338.0,351.0,314.0,351.0,4763
2012-05-25,350.0,350.0,316.0,337.0,4272
2012-05-29,313.0,334.0,298.0,330.0,6015
2012-05-30,310.0,320.0,264.0,284.0,7535
2012-05-31,261.0,288.0,250.0,277.0,10827
2012-06-01,278.0,285.0,235.0,264.0,4876
2012-06-04,288.0,288.0,212.0,220.0,8220
2012-06-05,210.0,222.0,176.0,176.0,11637
2012-06-06,176.0,185.0,141.0,178.0,22274
2012-06-07,179.0,179.0,143.0,153.0,30829
2012-06-08,158.0,158.0,125.0,150.0,29888
2012-06-11,151.0,151.0,120.0,122.0,41717
2012-06-12,117.0,123.0,98.0,99.0,41081
2012-06-13,100.0,100.0,80.0,80.0,70231
2012-06-14,64.0,74.0,64.0,64.0,95629
2012-06-15,63.0,69.0,52.0,55.0,165014
2012-06-18,55.0,55.0,44.0,44.0,87565
2012-06-19,36.0,48.0,36.0,48.0,160619
2012-06-20,49.0,51.0,39.0,39.0,274577
2012-06-21,39.0,39.0,32.0,32.0,257674
2012-06-22,26.0,28.0,26.0,28.0,314184
2012-06-25,23.0,24.0,23.0,23.0,129654
2012-06-26,19.0,22.0,19.0,19.0,155740
2012-06-27,16.0,16.0,16.0,16.0,314368
2012-06-28,13.0,13.0,13.0,13.0,274325
2012-06-29,11.0,12.0,11.0,11.0,223887
2012-07-02,11.0,13.0,10.0,13.0,117958
2012-07-03,15.0,15.0,15.0,15.0,131716
2012-07-05,21.0,21.0,21.0,21.0,85097
2012-07-06,25.0,25.0,17.0,18.0,726139
2012-07-09,18.0,18.0,15.0,16.0,126531
2012-07-10,16.0,19.0,13.0,19.0,231990
2012-07-11,19.0,20.0,18.0,19.0,36766
2012-07-12,19.0,19.0,17.0,18.0,68746
2012-07-13,18.0,21.0,18.0,21.0,140909
2012-07-16,23.0,23.0,20.0,20.0,39665
2012-07-17,21.0,24.0,20.0,23.0,179182
2012-07-18,24.0,27.0,22.0,27.0,449801
2012-07-19,28.0,30.0,26.0,28.0,265405
2012-07-20,27.0,28.0,23.0,26.0,314584
2012-07-23,26.0,26.0,24.0,26.0,25350
2012-07-24,26.0,27.0,21.0,24.0,127619
2012-07-25,21.0,22.0,20.0,20.0,95739
2012-07-26,19.0,20.0,16.0,16.0,287056
2012-07-27,15.0,19.0,14.0,19.0,580561
2012-07-30,21.0,22.0,19.0,22.0,495544
2012-07-31,21.0,26.0,21.0,26.0,493628
2012-08-01,26.0,29.0,25.0,27.0,472536
2012-08-02,27.0,27.0,23.0,27.0,494945
2012-08-03,27.0,32.0,24.0,30.0,533976
2012-08-06,30.0,35.0,30.0,31.0,569736
2012-08-07,31.0,32.0,27.0,29.0,346848
2012-08-08,30.0,30.0,28.0,29.0,226906
2012-08-09,29.0,29.0,25.0,26.0,294415
2012-08-10,26.0,29.0,25.0,29.0,242793
2012-08-13,29.0,31.0,28.0,30.0,112342
2012-08-14,32.0,35.0,30.0,35.0,325260
2012-08-15,36.0,41.0,35.0,38.0,409711
2012-08-16,38.0,40.0,36.0,40.0,223425
2012-08-17,40.0,48.0,40.0,48.0,339052
2012-08-20,48.0,48.0,48.0,48.0,0
2012-08-21,50.0,57.0,50.0,57.0,111134
2012-08-22,64.0,68.0,55.0,61.0,482152
2012-08-23,61.0,64.0,49.0,49.0,186630
2012-08-24,45.0,48.0,40.0,46.0,144928
2012-08-27,45.0,52.0,45.0,51.0,123962
2012-08-28,51.0,55.0,46.0,48.0,631843
2012-08-29,49.0,49.0,41.0,45.0,220320
2012-08-30,44.0,48.0,42.0,48.0,130838
2012-08-31,47.0,50.0,47.0,50.0,102606
2012-09-04,49.0,49.0,40.0,40.0,563585
2012-09-05,40.0,42.0,39.0,40.0,114411
2012-09-06,41.0,44.0,41.0,42.0,249170
2012-09-07,42.0,43.0,41.0,43.0,69082
2012-09-10,43.0,43.0,40.0,41.0,125024
2012-09-11,41.0,42.0,40.0,40.0,69807
2012-09-12,40.0,41.0,39.0,40.0,82301
2012-09-13,40.0,40.0,37.0,39.0,177549
2012-09-14,39.0,39.0,38.0,38.0,29308
2012-09-17,38.0,38.0,34.0,36.0,219989
2012-09-18,36.0,36.0,30.0,31.0,435538
2012-09-19,31.0,35.0,31.0,33.0,179270
2012-09-20,33.0,38.0,33.0,35.0,190801
2012-09-21,36.0,38.0,35.0,36.0,276472
2012-09-24,37.0,37.0,35.0,36.0,32829
2012-09-25,36.0,36.0,34.0,36.0,19396
2012-09-26,35.0,35.0,32.0,34.0,211046
2012-09-27,33.0,35.0,32.0,35.0,74559
2012-09-28,35.0,35.0,34.0,35.0,24944
2012-10-01,34.0,35.0,34.0,34.0,20580
2012-10-02,35.0,35.0,33.0,35.0,57774
2012-10-03,34.0,35.0,33.0,35.0,52035
2012-10-04,33.0,35.0,33.0,35.0,56089
2012-10-05,35.0,35.0,33.0,35.0,93767
2012-10-08,35.0,35.0,33.0,35.0,161083
2012-10-09,34.0,34.0,32.0,32.0,132141
2012-10-10,33.0,34.0,32.0,33.0,74380
2012-10-11,32.0,38.0,32.0,38.0,449263
2012-10-12,38.0,40.0,37.0,39.0,215284
2012-10-15,38.0,42.0,38.0,39.0,335961
2012-10-16,41.0,41.0,39.0,40.0,42025
2012-10-17,39.0,39.0,36.0,37.0,110429
2012-10-18,37.0,38.0,36.0,36.0,30962
2012-10-19,37.0,38.0,36.0,36.0,4832
2012-10-22,36.0,36.0,36.0,36.0,0
2012-10-23,36.0,36.0,36.0,36.0,0
2012-10-24,36.0,41.0,36.0,38.0,214856
2012-10-25,39.0,39.0,37.0,38.0,95139
2012-10-26,38.0,40.0,38.0,39.0,122611
2012-10-31,37.0,37.0,36.0,37.0,27754
2012-11-01,37.0,37.0,37.0,37.0,0
2012-11-02,37.0,37.0,37.0,37.0,0
2012-11-05,37.0,38.0,35.0,37.0,116029
2012-11-06,37.0,38.0,37.0,38.0,26185
2012-11-07,37.0,38.0,36.0,37.0,15060
2012-11-09,36.0,37.0,36.0,37.0,7615
2012-11-12,36.0,38.0,35.0,37.0,106616
2012-11-13,37.0,37.0,36.0,37.0,33965
2012-11-14,37.0,38.0,36.0,36.0,51300
2012-11-15,37.0,38.0,37.0,37.0,24410
2012-11-16,36.0,38.0,36.0,38.0,32683
2012-11-20,37.0,37.0,35.0,37.0,11310
2012-11-21,35.0,37.0,35.0,37.0,7560
2012-11-23,37.0,37.0,36.0,37.0,11110
2012-11-26,37.0,37.0,36.0,37.0,6750
2012-11-27,36.0,37.0,36.0,37.0,2630
2012-11-28,36.0,36.0,36.0,36.0,3000
2012-11-29,35.0,37.0,35.0,37.0,49082
2012-11-30,37.0,37.0,37.0,37.0,1690
2012-12-03,35.0,37.0,35.0,37.0,2194
2012-12-04,36.0,36.0,35.0,36.0,11930
2012-12-05,35.0,35.0,34.0,34.0,12272
2012-12-06,34.0,36.0,32.0,32.0,285
2012-12-07,34.0,36.0,34.0,36.0,4957
2012-12-10,32.0,36.0,32.0,36.0,1355
2012-12-11,33.0,36.0,33.0,36.0,15502
2012-12-12,34.0,36.0,34.0,36.0,30514
2012-12-13,37.0,37.0,35.0,36.0,19502
2012-12-14,37.0,37.0,34.0,35.0,18042
2012-12-17,34.0,34.0,32.0,34.0,73751
2012-12-18,34.0,34.0,31.0,33.0,35797
2012-12-19,32.0,34.0,30.0,34.0,23276
2012-12-20,34.0,34.0,32.0,34.0,11730
2012-12-21,34.0,35.0,33.0,35.0,19306
2012-12-24,35.0,35.0,35.0,35.0,0
2012-12-26,35.0,35.0,35.0,35.0,0
2012-12-27,36.0,39.0,35.0,39.0,188594
2012-12-28,39.0,42.0,37.0,42.0,238363
2012-12-31,39.0,39.0,39.0,39.0,0
2013-01-02,42.0,43.0,40.0,42.0,121543
2013-01-03,40.0,41.0,40.0,41.0,38376
2013-01-04,41.0,41.0,39.0,40.0,86425
2013-01-07,40.0,41.0,39.0,41.0,76490
2013-01-08,41.0,41.0,39.0,41.0,26351
2013-01-09,40.0,41.0,39.0,41.0,69482
2013-01-10,39.0,41.0,39.0,41.0,16911
2013-01-11,41.0,41.0,40.0,41.0,71772
2013-01-14,41.0,43.0,40.0,43.0,480559
2013-01-15,42.0,49.0,41.0,47.0,439028
2013-01-16,47.0,48.0,44.0,46.0,169345
2013-01-17,45.0,45.0,39.0,41.0,493271
2013-01-18,40.0,41.0,40.0,40.0,33838
2013-01-22,41.0,41.0,39.0,40.0,27199
2013-01-23,40.0,41.0,39.0,41.0,54572
2013-01-24,40.0,41.0,38.0,39.0,119554
2013-01-25,41.0,41.0,39.0,40.0,47239
2013-01-28,40.0,40.0,39.0,40.0,21296
2013-01-29,40.0,40.0,39.0,40.0,11601
2013-01-30,40.0,40.0,39.0,40.0,10472
2013-01-31,40.0,40.0,40.0,40.0,151
2013-02-01,40.0,40.0,40.0,40.0,22
2013-02-04,40.0,40.0,39.0,40.0,6879
2013-02-05,40.0,40.0,38.0,40.0,15949
2013-02-06,38.0,40.0,38.0,40.0,2001
2013-02-07,38.0,40.0,38.0,39.0,62913
2013-02-08,37.0,39.0,37.0,38.0,26140
2013-02-11,37.0,37.0,34.0,35.0,94852
2013-02-12,35.0,36.0,35.0,35.0,30128
2013-02-14,38.0,39.0,37.0,38.0,37283
2013-02-19,39.0,42.0,37.0,39.0,450456
2013-02-20,40.0,42.0,36.0,39.0,288747
2013-02-21,39.0,41.0,39.0,40.0,116176
2013-02-22,39.0,41.0,38.0,41.0,58098
2013-02-25,40.0,40.0,39.0,39.0,8906
2013-02-26,39.0,39.0,38.0,38.0,27996
2013-02-27,38.0,38.0,37.0,37.0,30499
2013-02-28,37.0,39.0,37.0,37.0,7431
2013-03-01,37.0,37.0,37.0,37.0,0
2013-03-05,39.0,41.0,38.0,39.0,13617
2013-03-06,40.0,40.0,39.0,39.0,2412
2013-03-07,40.0,41.0,39.0,39.0,7235
2013-03-08,40.0,41.0,39.0,39.0,13672
2013-03-11,40.0,41.0,39.0,41.0,34743
2013-03-12,41.0,41.0,40.0,40.0,14000
2013-03-13,41.0,41.0,39.0,39.0,24938
2013-03-14,41.0,41.0,40.0,41.0,18280
2013-03-15,41.0,41.0,41.0,41.0,0
2013-03-18,40.0,42.0,40.0,42.0,21189
2013-03-19,40.0,42.0,40.0,40.0,18036
2013-03-20,40.0,41.0,40.0,41.0,1828
2013-03-21,42.0,42.0,39.0,39.0,113
2013-03-22,39.0,39.0,39.0,39.0,12287
2013-03-25,39.0,41.0,39.0,40.0,26990
2013-03-26,40.0,40.0,40.0,40.0,10019
2013-03-27,40.0,41.0,39.0,39.0,5945
2013-03-28,41.0,41.0,40.0,40.0,12300
2013-04-01,40.0,40.0,40.0,40.0,0
2013-04-02,40.0,42.0,40.0,40.0,1150
2013-04-03,40.0,41.0,39.0,41.0,29950
2013-04-04,42.0,43.0,41.0,42.0,28109
2013-04-05,43.0,43.0,41.0,41.0,2483
2013-04-08,41.0,42.0,41.0,42.0,5567
2013-04-09,42.0,42.0,41.0,41.0,6600
2013-04-10,42.0,43.0,41.0,41.0,190
2013-04-11,43.0,44.0,42.0,43.0,24700
2013-04-12,43.0,44.0,43.0,44.0,10093
2013-04-15,44.0,44.0,41.0,43.0,61315
2013-04-16,42.0,42.0,41.0,41.0,47040
2013-04-17,41.0,44.0,41.0,43.0,26695
2013-04-18,44.0,45.0,41.0,44.0,26184
2013-04-19,43.0,43.0,42.0,42.0,31067
2013-04-22,43.0,44.0,43.0,43.0,5700
2013-04-23,43.0,43.0,43.0,43.0,500
2013-04-24,42.0,43.0,42.0,42.0,4307
2013-04-25,42.0,43.0,41.0,41.0,5745
2013-04-26,44.0,44.0,42.0,42.0,2621
2013-04-29,43.0,44.0,43.0,43.0,3700
2013-04-30,44.0,44.0,41.0,41.0,30350
2013-05-01,41.0,41.0,41.0,41.0,0
2013-05-02,41.0,41.0,41.0,41.0,0
2013-05-03,41.0,41.0,41.0,41.0,24390
2013-05-06,40.0,41.0,40.0,40.0,4259
2013-05-07,40.0,41.0,38.0,41.0,23940
2013-05-08,38.0,41.0,38.0,41.0,1690
2013-05-09,39.0,40.0,39.0,40.0,2219
2013-05-10,39.0,40.0,37.0,40.0,27771
2013-05-13,40.0,40.0,39.0,39.0,2005
2013-05-14,40.0,40.0,38.0,39.0,6685
2013-05-15,38.0,40.0,37.0,40.0,7710
2013-05-16,38.0,38.0,38.0,38.0,2000
2013-05-17,39.0,39.0,39.0,39.0,100
2013-05-20,39.0,39.0,39.0,39.0,0
2013-05-21,39.0,39.0,39.0,39.0,0
2013-05-22,37.0,38.0,37.0,38.0,8768
2013-05-23,39.0,39.0,39.0,39.0,2300
2013-05-24,37.0,38.0,35.0,38.0,20279
2013-05-28,38.0,39.0,38.0,39.0,23900
2013-05-29,38.0,40.0,38.0,39.0,28693
2013-05-30,37.0,39.0,37.0,39.0,22134
2013-05-31,38.0,39.0,37.0,39.0,10363
2013-06-03,37.0,39.0,37.0,39.0,2543
2013-06-04,32.0,32.0,32.0,32.0,4400
2013-06-06,39.0,40.0,32.0,40.0,54030
2013-06-07,39.0,40.0,36.0,39.0,26215
2013-06-10,35.0,40.0,35.0,40.0,68821
2013-06-11,40.0,40.0,40.0,40.0,400
2013-06-12,39.0,40.0,37.0,37.0,4110
2013-06-13,39.0,40.0,37.0,37.0,10460
2013-06-14,39.0,39.0,38.0,38.0,5018
2013-06-17,39.0,39.0,37.0,37.0,7501
2013-06-18,38.0,38.0,32.0,37.0,6499
2013-06-19,36.0,37.0,32.0,33.0,28422
2013-06-20,32.0,34.0,30.0,32.0,29856
2013-06-21,30.0,30.0,29.0,30.0,6649
2013-06-24,30.0,30.0,27.0,28.0,6030
2013-06-25,29.0,30.0,25.0,25.0,19644
2013-06-26,24.0,30.0,23.0,29.0,60015
2013-06-27,29.0,34.0,26.0,28.0,116994
2013-06-28,26.0,29.0,25.0,25.0,87200
2013-07-01,25.0,26.0,23.0,26.0,43485
2013-07-02,24.0,24.0,23.0,24.0,30697
2013-07-03,22.0,24.0,21.0,21.0,29179
2013-07-05,21.0,22.0,21.0,22.0,4090
2013-07-08,22.0,24.0,22.0,23.0,19800
2013-07-09,23.0,24.0,23.0,24.0,510
2013-07-10,22.0,24.0,22.0,24.0,6919
2013-07-11,22.0,23.0,22.0,23.0,19557
2013-07-12,21.0,23.0,21.0,23.0,527
2013-07-15,23.0,23.0,23.0,23.0,0
2013-07-16,21.0,22.0,21.0,22.0,3000
2013-07-17,21.0,22.0,21.0,22.0,7140
2013-07-18,22.0,26.0,22.0,26.0,67494
2013-07-19,26.0,27.0,25.0,27.0,85518
2013-07-23,26.0,27.0,26.0,27.0,3300
2013-07-24,27.0,29.0,27.0,29.0,40310
2013-07-25,29.0,29.0,28.0,29.0,22185
2013-07-26,28.0,29.0,26.0,29.0,96709
2013-07-29,28.0,29.0,26.0,27.0,25989
2013-07-30,26.0,27.0,25.0,25.0,23920
2013-07-31,25.0,25.0,25.0,25.0,0
2013-08-01,24.0,25.0,24.0,25.0,4280
2013-08-02,24.0,24.0,24.0,24.0,1499
2013-08-05,25.0,25.0,22.0,24.0,112781
2013-08-06,23.0,24.0,22.0,23.0,23300
2013-08-07,23.0,23.0,23.0,23.0,48
2013-08-08,22.0,23.0,22.0,23.0,16500
2013-08-09,23.0,23.0,23.0,23.0,0
2013-08-12,22.0,23.0,22.0,23.0,7300
2013-08-13,22.0,22.0,19.0,21.0,53162
2013-08-14,20.0,21.0,20.0,21.0,2827
2013-08-15,21.0,21.0,21.0,21.0,2210
2013-08-16,20.0,21.0,20.0,21.0,3307
2013-08-19,21.0,21.0,21.0,21.0,0
2013-08-20,21.0,21.0,21.0,21.0,0
2013-08-21,21.0,21.0,21.0,21.0,0
2013-08-22,21.0,21.0,21.0,21.0,0
2013-08-23,20.0,21.0,20.0,21.0,2100
2013-08-26,19.0,20.0,19.0,20.0,6575
2013-08-27,20.0,21.0,19.0,21.0,8710
2013-08-28,21.0,22.0,21.0,22.0,4867
2013-08-29,22.0,24.0,22.0,22.0,37640
2013-08-30,20.0,23.0,20.0,23.0,1910
2013-09-03,21.0,21.0,21.0,21.0,0
2013-09-04,22.0,22.0,22.0,22.0,50
2013-09-05,22.0,23.0,22.0,23.0,9055
2013-09-06,21.0,21.0,21.0,21.0,1500
2013-09-09,21.0,22.0,20.0,22.0,9020
2013-09-10,22.0,26.0,22.0,26.0,109427
2013-09-11,25.0,25.0,23.0,25.0,9170
2013-09-12,23.0,23.0,23.0,23.0,41650
2013-09-13,22.0,23.0,21.0,21.0,85130
2013-09-16,23.0,23.0,20.0,21.0,63718
2013-09-17,20.0,21.0,19.0,20.0,25800
2013-09-18,20.0,21.0,20.0,21.0,23210
2013-09-19,20.0,20.0,19.0,20.0,19910
2013-09-20,20.0,21.0,19.0,20.0,45198
2013-09-23,20.0,20.0,19.0,20.0,5300
2013-09-24,19.0,20.0,19.0,19.0,18500
2013-09-25,20.0,20.0,20.0,20.0,20821
2013-09-26,20.0,20.0,20.0,20.0,8879
2013-09-27,19.0,21.0,19.0,20.0,3121
2013-09-30,21.0,24.0,21.0,24.0,119249
2013-10-01,28.0,28.0,24.0,26.0,231331
2013-10-02,24.0,25.0,24.0,25.0,19100
2013-10-03,25.0,25.0,23.0,25.0,18390
2013-10-04,24.0,25.0,22.0,22.0,24000
2013-10-07,23.0,24.0,22.0,23.0,21156
2013-10-08,23.0,23.0,21.0,22.0,15790
2013-10-09,22.0,22.0,22.0,22.0,100
2013-10-10,20.0,21.0,20.0,21.0,32542
2013-10-11,21.0,22.0,19.0,22.0,86890
2013-10-14,20.0,22.0,19.0,20.0,122200
2013-10-15,20.0,21.0,19.0,20.0,69870
2013-10-16,19.0,20.0,17.0,20.0,47476
2013-10-17,19.0,20.0,18.0,19.0,26700
2013-10-18,19.0,20.0,16.0,18.0,114726
2013-10-21,18.0,19.0,16.0,17.0,83922
2013-10-22,17.0,18.0,16.0,18.0,38095
2013-10-23,18.0,18.0,18.0,18.0,0
2013-10-24,17.0,17.0,17.0,17.0,4390
2013-10-25,16.0,18.0,14.0,14.0,577489
2013-10-28,15.0,15.0,14.0,14.0,77121
2013-10-29,15.0,15.0,15.0,15.0,297
2013-10-30,15.0,15.0,14.0,14.0,2000
2013-10-31,14.0,14.0,14.0,14.0,12120
2013-11-01,14.0,14.0,14.0,14.0,0
2013-11-04,14.0,15.0,13.0,14.0,66700
2013-11-05,13.0,15.0,12.0,15.0,94453
2013-11-06,15.0,16.0,14.0,16.0,36514
2013-11-07,15.0,16.0,13.0,14.0,124151
2013-11-08,14.0,15.0,13.0,14.0,22713
2013-11-11,15.0,15.0,13.0,13.0,105661
2013-11-12,13.0,15.0,13.0,15.0,229472
2013-11-13,16.0,18.0,15.0,18.0,429839
2013-11-14,17.0,18.0,16.0,18.0,81512
2013-11-15,16.0,18.0,16.0,17.0,84505
2013-11-18,17.0,17.0,16.0,16.0,31290
2013-11-19,17.0,17.0,15.0,15.0,56700
2013-11-20,16.0,17.0,15.0,15.0,21800
2013-11-21,15.0,16.0,15.0,16.0,1750
2013-11-22,17.0,17.0,15.0,17.0,21836
2013-11-25,16.0,17.0,15.0,16.0,116957
2013-11-26,15.0,17.0,15.0,17.0,22290
2013-11-27,16.0,17.0,15.0,17.0,14840
2013-11-29,16.0,16.0,14.0,15.0,144015
2013-12-02,14.0,16.0,13.0,15.0,51028
2013-12-03,14.0,15.0,13.0,15.0,79865
2013-12-04,13.0,15.0,13.0,13.0,223484
2013-12-05,14.0,15.0,13.0,13.0,36400
2013-12-06,13.0,14.0,13.0,13.0,23700
2013-12-09,14.0,14.0,13.0,13.0,15245
2013-12-10,13.0,14.0,13.0,13.0,13322
2013-12-11,13.0,13.0,13.0,13.0,27428
2013-12-12,13.0,14.0,13.0,13.0,29472
2013-12-13,13.0,14.0,13.0,14.0,18650
2013-12-16,14.0,14.0,14.0,14.0,0
2013-12-17,13.0,13.0,13.0,13.0,11
2013-12-18,13.0,13.0,13.0,13.0,0
2013-12-19,14.0,14.0,12.0,12.0,12600
2013-12-20,12.0,13.0,12.0,13.0,39170
2013-12-23,13.0,13.0,12.0,13.0,30996
2013-12-24,13.0,13.0,13.0,13.0,0
2013-12-26,13.0,13.0,13.0,13.0,0
2013-12-27,13.0,13.0,13.0,13.0,0
2013-12-30,14.0,14.0,14.0,14.0,53165
2013-12-31,14.0,14.0,14.0,14.0,0
2014-01-02,15.0,15.0,12.0,12.0,48150
2014-01-03,14.0,14.0,13.0,14.0,27093
2014-01-06,14.0,14.0,13.0,13.0,84400
2014-01-07,13.0,13.0,13.0,13.0,2000
2014-01-08,13.0,13.0,13.0,13.0,11400
2014-01-09,14.0,14.0,14.0,14.0,3760
2014-01-10,13.0,13.0,12.0,12.0,213740
2014-01-13,14.0,14.0,12.0,12.0,61780
2014-01-14,12.0,13.0,12.0,13.0,57823
2014-01-15,13.0,13.0,12.0,12.0,24100
2014-01-16,13.0,13.0,12.0,12.0,39500
2014-01-17,12.0,13.0,12.0,13.0,33001
2014-01-21,12.0,12.0,12.0,12.0,7509
2014-01-22,13.0,13.0,13.0,13.0,6050
2014-01-23,12.0,12.0,12.0,12.0,26100
2014-01-24,13.0,13.0,12.0,12.0,5099
2014-01-27,12.0,12.0,12.0,12.0,4000
2014-01-28,13.0,13.0,12.0,12.0,23190
2014-01-29,12.0,12.0,11.0,11.0,35830
2014-01-30,12.0,12.0,11.0,11.0,17202
2014-01-31,11.0,11.0,10.0,10.0,138998
2014-02-03,10.0,11.0,10.0,10.0,14900
2014-02-04,11.0,11.0,11.0,11.0,870
2014-02-05,10.0,11.0,10.0,11.0,24400
2014-02-06,12.0,12.0,11.0,12.0,9500
2014-02-10,11.0,11.0,11.0,11.0,262151
2014-02-11,11.0,11.0,11.0,11.0,2200
2014-02-12,12.0,12.0,12.0,12.0,1050
2014-02-13,12.0,12.0,12.0,12.0,31000
2014-02-14,11.0,12.0,11.0,12.0,7100
2014-02-18,12.0,12.0,11.0,11.0,45000
2014-02-19,12.0,12.0,12.0,12.0,1000
2014-02-20,12.0,12.0,12.0,12.0,1000
2014-02-24,12.0,12.0,11.0,11.0,23700
2014-02-25,11.0,12.0,11.0,12.0,26045
2014-02-26,11.0,12.0,11.0,12.0,45049
2014-02-27,12.0,12.0,11.0,11.0,71999
2014-02-28,11.0,12.0,11.0,12.0,182540
2014-03-04,11.0,11.0,11.0,11.0,8395
2014-03-05,11.0,11.0,11.0,11.0,8395
2014-03-06,11.0,11.0,11.0,11.0,38514
2014-03-07,10.0,10.0,10.0,10.0,9220
2014-03-10,11.0,11.0,11.0,11.0,10200
2014-03-11,12.0,13.0,12.0,13.0,59500
2014-03-12,12.0,12.0,12.0,12.0,1000
2014-03-13,12.0,12.0,11.0,12.0,7400
2014-03-14,11.0,11.0,11.0,11.0,5700
2014-03-17,10.0,12.0,10.0,12.0,3700
2014-03-18,10.0,12.0,10.0,12.0,3700
2014-03-19,12.0,12.0,11.0,11.0,18192
2014-03-20,11.0,11.0,10.0,10.0,535
2014-03-21,11.0,11.0,10.0,10.0,535
2014-03-24,10.0,10.0,10.0,10.0,1
2014-03-25,10.0,10.0,10.0,10.0,1
2014-03-26,10.0,11.0,5.0,11.0,12789
2014-03-27,8.0,9.0,8.0,9.0,203
2014-03-28,8.199999809265137,11.0,8.199999809265137,11.0,150
2014-03-31,8.199999809265137,11.0,8.199999809265137,11.0,150
2014-04-01,11.0,11.0,11.0,11.0,0
2014-04-02,11.0,11.0,11.0,11.0,0
2014-04-04,11.0,11.0,11.0,11.0,0
2014-04-07,10.0,10.0,10.0,10.0,2428
2014-04-08,10.0,10.0,10.0,10.0,2428
2014-04-09,11.0,11.0,11.0,11.0,45
2014-04-10,10.0,10.0,10.0,10.0,131
2014-04-11,7.199999809265137,10.0,7.199999809265137,10.0,759
2014-04-14,7.199999809265137,10.0,7.199999809265137,8.100000381469727,1412
2014-04-15,9.899999618530273,9.899999618530273,9.899999618530273,9.899999618530273,1367
2014-04-16,9.899999618530273,9.899999618530273,9.899999618530273,9.899999618530273,1367
2014-04-17,9.899999618530273,9.899999618530273,9.899999618530273,9.899999618530273,0
2014-04-21,9.899999618530273,9.899999618530273,9.899999618530273,9.899999618530273,0
2014-04-22,8.100000381469727,10.0,8.100000381469727,10.0,58
2014-04-23,8.100000381469727,10.0,8.100000381469727,10.0,58
2014-04-24,10.0,10.0,10.0,10.0,5055
2014-04-25,10.0,10.0,10.0,10.0,5055
2014-04-28,10.0,10.0,10.0,10.0,0
2014-04-29,9.899999618530273,9.899999618530273,9.899999618530273,9.899999618530273,5000
2014-04-30,9.899999618530273,9.899999618530273,9.899999618530273,9.899999618530273,5000
2014-05-01,9.899999618530273,9.899999618530273,9.899999618530273,9.899999618530273,5000
2014-05-02,9.899999618530273,9.899999618530273,9.899999618530273,9.899999618530273,5000
2014-05-05,10.0,10.0,10.0,10.0,8050
2014-05-06,10.0,10.0,10.0,10.0,7000
2014-05-07,10.0,10.0,10.0,10.0,7000
2014-05-08,10.0,10.0,10.0,10.0,0
2014-05-09,9.899999618530273,9.899999618530273,9.899999618530273,9.899999618530273,4000
2014-05-12,8.199999809265137,9.899999618530273,8.199999809265137,9.899999618530273,200
2014-05-13,9.899999618530273,9.899999618530273,8.199999809265137,8.199999809265137,13039
2014-05-14,8.0,9.800000190734863,8.0,9.800000190734863,1400
2014-05-15,9.899999618530273,9.899999618530273,9.899999618530273,9.899999618530273,1000
2014-05-16,9.899999618530273,9.899999618530273,9.899999618530273,9.899999618530273,1000
2014-05-19,9.899999618530273,9.899999618530273,9.899999618530273,9.899999618530273,6500
2014-05-20,9.899999618530273,9.899999618530273,9.899999618530273,9.899999618530273,6500
2014-05-21,9.899999618530273,9.899999618530273,9.899999618530273,9.899999618530273,0
2014-05-22,9.899999618530273,9.899999618530273,9.899999618530273,9.899999618530273,0
2014-05-23,8.199999809265137,9.0,8.199999809265137,9.0,5100
2014-05-27,9.0,9.0,9.0,9.0,12000
2014-05-28,8.600000381469727,8.600000381469727,8.5,8.5,3600
2014-05-29,8.600000381469727,8.600000381469727,8.5,8.5,3600
2014-05-30,8.0,8.0,8.0,8.0,25000
2014-06-02,9.0,9.0,9.0,9.0,7000
2014-06-03,9.0,9.0,9.0,9.0,7000
2014-06-04,8.0,8.0,7.599999904632568,7.599999904632568,25000
2014-06-05,8.899999618530273,9.0,8.899999618530273,9.0,8400
2014-06-06,8.899999618530273,8.899999618530273,8.899999618530273,8.899999618530273,2400
2014-06-09,8.899999618530273,8.899999618530273,8.899999618530273,8.899999618530273,0
2014-06-10,8.899999618530273,8.899999618530273,8.899999618530273,8.899999618530273,0
2014-06-11,9.0,9.0,9.0,9.0,1340
2014-06-12,9.0,9.0,9.0,9.0,0
2014-06-13,9.0,9.0,9.0,9.0,2000
2014-06-16,9.0,9.0,9.0,9.0,0
2014-06-17,9.0,9.0,9.0,9.0,0
2014-06-18,8.0,8.300000190734863,8.0,8.300000190734863,7161
2014-06-19,8.0,8.0,8.0,8.0,23500
2014-06-20,8.0,8.0,8.0,8.0,0
2014-06-23,8.699999809265137,8.699999809265137,8.699999809265137,8.699999809265137,1000
2014-06-24,8.699999809265137,8.699999809265137,8.699999809265137,8.699999809265137,0
2014-06-25,8.699999809265137,8.699999809265137,8.699999809265137,8.699999809265137,400
2014-06-26,8.699999809265137,9.0,8.699999809265137,9.0,8550
2014-06-27,9.0,9.0,9.0,9.0,7260
2014-06-30,9.0,9.0,7.099999904632568,7.099999904632568,18825
2014-07-01,8.300000190734863,8.300000190734863,8.300000190734863,8.300000190734863,2775
2014-07-02,8.800000190734863,8.899999618530273,8.800000190734863,8.899999618530273,1900
2014-07-03,8.899999618530273,8.899999618530273,8.800000190734863,8.800000190734863,6000
2014-07-07,10.0,10.0,9.0,9.0,67830
2014-07-08,9.0,9.0,9.0,9.0,4400
2014-07-09,10.0,10.0,9.5,9.5,26700
2014-07-10,9.5,9.5,9.5,9.5,1000
2014-07-11,9.0,9.0,9.0,9.0,3500
2014-07-14,8.600000381469727,8.600000381469727,8.600000381469727,8.600000381469727,2500
2014-07-15,8.600000381469727,8.600000381469727,8.600000381469727,8.600000381469727,0
2014-07-16,10.0,10.0,10.0,10.0,1000
2014-07-17,9.5,9.5,9.5,9.5,18500
2014-07-18,9.5,9.5,9.5,9.5,0
2014-07-21,9.5,9.5,9.5,9.5,0
2014-07-22,9.5,9.5,9.5,9.5,0
2014-07-23,8.899999618530273,8.899999618530273,8.899999618530273,8.899999618530273,50
2014-07-24,8.899999618530273,8.899999618530273,8.899999618530273,8.899999618530273,0
2014-07-25,8.899999618530273,8.899999618530273,8.899999618530273,8.899999618530273,0
2014-07-28,8.899999618530273,8.899999618530273,8.899999618530273,8.899999618530273,0
2014-07-29,9.0,9.0,9.0,9.0,1000
2014-07-30,9.0,9.0,9.0,9.0,0
2014-07-31,7.199999809265137,7.199999809265137,7.199999809265137,7.199999809265137,50000
2014-08-01,7.5,7.5,7.5,7.5,2000
2014-08-04,7.5,7.5,7.5,7.5,0
2014-08-05,7.5,7.5,7.5,7.5,0
2014-08-06,7.5,7.5,7.5,7.5,0
2014-08-07,7.300000190734863,7.300000190734863,7.300000190734863,7.300000190734863,1750
2014-08-08,7.0,7.0,7.0,7.0,100
2014-08-11,7.0,7.0,7.0,7.0,0
2014-08-12,7.0,7.0,7.0,7.0,0
2014-08-13,7.099999904632568,7.099999904632568,7.099999904632568,7.099999904632568,1674
2014-08-14,6.699999809265137,8.0,6.699999809265137,8.0,38284
2014-08-15,8.0,8.0,8.0,8.0,0
2014-08-18,8.0,8.0,8.0,8.0,0
2014-08-19,7.099999904632568,7.099999904632568,7.099999904632568,7.099999904632568,1000
2014-08-20,7.099999904632568,7.099999904632568,7.099999904632568,7.099999904632568,0
2014-08-21,8.0,8.0,8.0,8.0,1000
2014-08-22,7.699999809265137,7.699999809265137,7.699999809265137,7.699999809265137,550
2014-08-25,7.0,7.0,7.0,7.0,4059
2014-08-26,6.699999809265137,6.699999809265137,6.0,6.0,31520
2014-08-27,6.0,6.0,6.0,6.0,2000
2014-08-28,6.0,6.0,6.0,6.0,0
2014-08-29,5.0,5.0,5.0,5.0,66513
2014-09-02,6.0,6.0,6.0,6.0,4200
2014-09-03,6.0,6.0,6.0,6.0,5000
2014-09-04,6.099999904632568,6.099999904632568,6.099999904632568,6.099999904632568,1300
2014-09-05,6.5,6.5,6.5,6.5,111
2014-09-08,6.5,6.5,6.5,6.5,0
2014-09-09,6.699999809265137,7.0,6.699999809265137,7.0,1066
2014-09-10,6.099999904632568,6.099999904632568,6.099999904632568,6.099999904632568,35244
2014-09-11,6.099999904632568,6.099999904632568,6.099999904632568,6.099999904632568,15594
2014-09-12,5.900000095367432,5.900000095367432,5.900000095367432,5.900000095367432,1500
2014-09-15,5.900000095367432,5.900000095367432,5.900000095367432,5.900000095367432,0
2014-09-16,6.300000190734863,6.300000190734863,6.300000190734863,6.300000190734863,1940
2014-09-17,5.900000095367432,5.900000095367432,5.900000095367432,5.900000095367432,500
2014-09-18,5.900000095367432,5.900000095367432,5.900000095367432,5.900000095367432,0
2014-09-19,5.900000095367432,5.900000095367432,5.900000095367432,5.900000095367432,250
2014-09-22,5.900000095367432,5.900000095367432,5.900000095367432,5.900000095367432,0
2014-09-23,5.900000095367432,5.900000095367432,5.900000095367432,5.900000095367432,0
2014-09-24,6.0,6.0,6.0,6.0,5300
2014-09-25,6.0,6.0,6.0,6.0,0
2014-09-26,7.0,7.0,7.0,7.0,6396
2014-09-29,7.699999809265137,7.699999809265137,7.0,7.0,4715
2014-09-30,7.599999904632568,8.0,7.599999904632568,8.0,2310
2014-10-01,8.0,8.0,8.0,8.0,200
2014-10-02,7.699999809265137,7.900000095367432,7.699999809265137,7.900000095367432,4434
2014-10-03,7.900000095367432,7.900000095367432,7.900000095367432,7.900000095367432,0
2014-10-06,7.900000095367432,8.0,7.900000095367432,7.900000095367432,35500
2014-10-07,7.900000095367432,7.900000095367432,7.199999809265137,7.900000095367432,6216
2014-10-08,7.900000095367432,8.100000381469727,7.900000095367432,8.100000381469727,22100
2014-10-09,8.0,8.5,8.0,8.5,11020
2014-10-10,8.0,8.0,8.0,8.0,925
2014-10-13,8.5,8.5,8.0,8.0,200
2014-10-14,8.0,8.0,8.0,8.0,0
2014-10-15,8.0,8.0,8.0,8.0,0
2014-10-16,8.0,8.0,8.0,8.0,0
2014-10-17,7.0,7.5,7.0,7.5,4480
2014-10-20,7.5,7.5,7.5,7.5,200
2014-10-21,7.0,7.0,7.0,7.0,1316
2014-10-22,6.900000095367432,6.900000095367432,6.900000095367432,6.900000095367432,100
2014-10-23,6.900000095367432,6.900000095367432,6.900000095367432,6.900000095367432,0
2014-10-24,6.900000095367432,6.900000095367432,6.900000095367432,6.900000095367432,0
2014-10-27,7.0,7.0,6.0,6.0,628
2014-10-28,6.900000095367432,6.900000095367432,6.900000095367432,6.900000095367432,100
2014-10-29,6.900000095367432,6.900000095367432,6.900000095367432,6.900000095367432,0
2014-10-30,6.900000095367432,6.900000095367432,6.900000095367432,6.900000095367432,0
2014-10-31,6.900000095367432,6.900000095367432,6.900000095367432,6.900000095367432,0
2014-11-03,6.900000095367432,6.900000095367432,6.900000095367432,6.900000095367432,0
2014-11-04,6.900000095367432,6.900000095367432,6.900000095367432,6.900000095367432,0
2014-11-05,6.900000095367432,6.900000095367432,6.900000095367432,6.900000095367432,0
2014-11-06,6.900000095367432,6.900000095367432,6.900000095367432,6.900000095367432,0
2014-11-07,6.800000190734863,7.0,6.800000190734863,7.0,3400
2014-11-10,5.5,5.5,5.5,5.5,2666
2014-11-11,5.5,6.5,5.5,6.5,1334
2014-11-12,5.5,6.0,5.5,6.0,4556
2014-11-13,5.400000095367432,5.400000095367432,5.400000095367432,5.400000095367432,160
2014-11-14,6.0,6.0,6.0,6.0,50
2014-11-17,5.800000190734863,5.800000190734863,5.800000190734863,5.800000190734863,100
2014-11-18,5.800000190734863,5.800000190734863,5.800000190734863,5.800000190734863,10000
2014-11-19,5.800000190734863,5.800000190734863,5.800000190734863,5.800000190734863,11906
2014-11-20,5.800000190734863,5.800000190734863,5.800000190734863,5.800000190734863,0
2014-11-21,5.800000190734863,5.800000190734863,5.800000190734863,5.800000190734863,20000
2014-11-24,5.800000190734863,5.800000190734863,5.800000190734863,5.800000190734863,0
2014-11-25,5.800000190734863,5.800000190734863,5.800000190734863,5.800000190734863,10550
2014-11-26,6.0,6.0,6.0,6.0,10000
2014-11-28,6.0,6.0,6.0,6.0,0
2014-12-01,6.800000190734863,9.0,6.800000190734863,8.199999809265137,21345
2014-12-02,8.899999618530273,8.899999618530273,8.800000190734863,8.800000190734863,10850
2014-12-03,8.5,8.5,8.5,8.5,50055
2014-12-04,8.5,10.0,8.5,9.0,58100
2014-12-05,9.0,9.0,9.0,9.0,50000
2014-12-08,9.0,9.0,8.0,8.0,1900
2014-12-09,8.100000381469727,9.0,8.100000381469727,9.0,1800
2014-12-10,9.0,9.0,9.0,9.0,0
2014-12-11,9.0,9.0,9.0,9.0,0
2014-12-12,9.0,9.0,9.0,9.0,0
2014-12-15,9.0,9.0,9.0,9.0,0
2014-12-16,9.0,9.0,9.0,9.0,0
2014-12-17,9.0,9.0,9.0,9.0,0
2014-12-18,9.0,9.0,9.0,9.0,10000
2014-12-19,9.0,9.0,9.0,9.0,0
2014-12-22,9.0,9.0,9.0,9.0,0
2014-12-23,9.0,9.0,9.0,9.0,10000
2014-12-24,9.0,9.0,9.0,9.0,0
2014-12-26,9.0,9.0,9.0,9.0,0
2014-12-29,9.0,9.0,9.0,9.0,10000
2014-12-30,9.0,9.0,9.0,9.0,10000
2014-12-31,9.0,9.0,9.0,9.0,0
2015-01-02,9.0,9.0,9.0,9.0,0
2015-01-05,9.0,9.0,9.0,9.0,10000
2015-01-06,8.0,8.0,8.0,8.0,50000
2015-01-07,8.0,8.0,8.0,8.0,2034
2015-01-08,9.0,9.0,7.5,7.5,200
2015-01-09,7.900000095367432,7.900000095367432,6.599999904632568,6.599999904632568,7787
2015-01-12,6.5,6.5,6.5,6.5,7430
2015-01-13,7.800000190734863,7.800000190734863,7.800000190734863,7.800000190734863,100
2015-01-14,8.0,8.0,8.0,8.0,25000
2015-01-15,8.0,8.0,8.0,8.0,0
2015-01-16,8.0,8.0,8.0,8.0,10000
2015-01-20,8.0,8.0,7.0,7.0,40500
2015-01-21,7.0,7.0,7.0,7.0,0
2015-01-22,6.5,6.5,6.099999904632568,6.099999904632568,3200
2015-01-23,6.099999904632568,6.099999904632568,6.099999904632568,6.099999904632568,0
2015-01-26,5.800000190734863,5.800000190734863,5.800000190734863,5.800000190734863,1150
2015-01-27,8.0,8.0,7.599999904632568,7.599999904632568,25000
2015-01-28,8.0,8.0,8.0,8.0,20000
2015-01-29,8.0,8.0,8.0,8.0,10000
2015-01-30,8.0,8.0,8.0,8.0,25000
2015-02-02,8.0,8.0,8.0,8.0,0
2015-02-03,8.0,8.0,8.0,8.0,25000
2015-02-04,8.0,8.0,8.0,8.0,1000
2015-02-05,8.0,8.0,8.0,8.0,0
2015-02-06,7.800000190734863,8.0,7.800000190734863,8.0,46200
2015-02-09,6.800000190734863,8.0,6.800000190734863,8.0,25010
2015-02-10,7.099999904632568,8.0,7.099999904632568,8.0,26500
2015-02-11,6.5,8.0,6.5,8.0,50010
2015-02-12,8.0,8.0,8.0,8.0,0
2015-02-13,8.0,8.0,8.0,8.0,0
2015-02-17,8.0,8.0,8.0,8.0,0
2015-02-18,7.0,7.0,7.0,7.0,10
2015-02-19,7.0,7.0,7.0,7.0,0
2015-02-20,7.0,7.0,7.0,7.0,0
2015-02-23,7.0,7.0,7.0,7.0,10
2015-02-24,7.0,7.0,7.0,7.0,0
2015-02-25,8.0,8.0,8.0,8.0,5266
2015-02-26,8.0,8.0,8.0,8.0,0
2015-02-27,9.0,9.0,8.800000190734863,8.800000190734863,3425
2015-03-02,8.800000190734863,8.800000190734863,8.800000190734863,8.800000190734863,0
2015-03-03,9.0,9.0,9.0,9.0,50
2015-03-04,9.0,9.0,9.0,9.0,0
2015-03-05,9.0,9.0,9.0,9.0,0
2015-03-06,7.5,7.5,7.5,7.5,50
2015-03-09,7.5,7.5,7.5,7.5,0
2015-03-10,8.0,8.0,8.0,8.0,500
2015-03-11,7.0,7.0,7.0,7.0,100
2015-03-12,7.0,7.0,7.0,7.0,2200
2015-03-13,7.0,7.0,7.0,7.0,2470
2015-03-16,7.0,7.0,7.0,7.0,0
2015-03-17,8.399999618530273,8.399999618530273,8.0,8.0,3000
2015-03-18,8.0,8.0,8.0,8.0,0
2015-03-19,6.800000190734863,7.0,6.800000190734863,6.800000190734863,11950
2015-03-20,8.0,8.100000381469727,8.0,8.100000381469727,11529
2015-03-23,9.699999809265137,9.699999809265137,9.699999809265137,9.699999809265137,27610
2015-03-24,11.0,11.0,10.0,10.0,57400
2015-03-25,9.699999809265137,9.699999809265137,8.800000190734863,8.800000190734863,19000
2015-03-26,8.800000190734863,8.800000190734863,8.5,8.800000190734863,3720
2015-03-27,8.800000190734863,8.800000190734863,8.800000190734863,8.800000190734863,5305
2015-03-30,8.800000190734863,8.800000190734863,8.800000190734863,8.800000190734863,0
2015-03-31,8.800000190734863,8.800000190734863,8.800000190734863,8.800000190734863,0
2015-04-01,8.800000190734863,8.800000190734863,8.800000190734863,8.800000190734863,0
2015-04-02,8.100000381469727,8.300000190734863,8.0,8.300000190734863,13500
2015-04-06,8.300000190734863,8.300000190734863,8.300000190734863,8.300000190734863,0
2015-04-07,7.5,8.800000190734863,7.5,8.800000190734863,1600
2015-04-08,8.699999809265137,8.699999809265137,8.699999809265137,8.699999809265137,4500
2015-04-09,7.5,7.5,7.5,7.5,10645
2015-04-10,7.199999809265137,7.199999809265137,7.0,7.0,15509
2015-04-13,7.0,7.0,7.0,7.0,5000
2015-04-14,6.900000095367432,6.900000095367432,6.900000095367432,6.900000095367432,600
2015-04-15,6.900000095367432,6.900000095367432,6.900000095367432,6.900000095367432,0
2015-04-16,6.900000095367432,6.900000095367432,6.900000095367432,6.900000095367432,0
2015-04-17,6.900000095367432,6.900000095367432,6.900000095367432,6.900000095367432,0
2015-04-20,6.900000095367432,6.900000095367432,6.900000095367432,6.900000095367432,0
2015-04-21,7.0,8.0,7.0,8.0,5940
2015-04-22,8.0,8.0,7.099999904632568,8.0,8088
2015-04-23,8.0,8.0,8.0,8.0,0
2015-04-24,8.0,8.0,8.0,8.0,0
2015-04-27,8.0,8.0,8.0,8.0,0
2015-04-28,7.0,7.0,7.0,7.0,890
2015-04-29,7.0,7.0,7.0,7.0,0
2015-04-30,7.0,7.0,7.0,7.0,0
2015-05-01,7.0,7.0,7.0,7.0,0
2015-05-04,7.0,7.0,7.0,7.0,5000
2015-05-05,7.0,7.0,7.0,7.0,3000
2015-05-06,7.0,7.0,7.0,7.0,4300
2015-05-07,7.0,7.0,7.0,7.0,16205
2015-05-08,7.0,7.0,7.0,7.0,0
2015-05-11,7.0,7.0,7.0,7.0,0
2015-05-12,7.0,7.0,7.0,7.0,0
2015-05-13,7.0,7.0,7.0,7.0,0
2015-05-14,7.0,7.0,7.0,7.0,0
2015-05-15,6.900000095367432,8.0,6.900000095367432,8.0,102
2015-05-18,8.0,8.0,8.0,8.0,0
2015-05-19,8.0,8.0,8.0,8.0,0
2015-05-20,8.0,8.0,8.0,8.0,0
2015-05-21,8.0,8.0,8.0,8.0,0
2015-05-22,7.699999809265137,7.699999809265137,7.699999809265137,7.699999809265137,1000
2015-05-26,6.900000095367432,7.900000095367432,6.900000095367432,7.900000095367432,4562
2015-05-27,7.900000095367432,7.900000095367432,7.900000095367432,7.900000095367432,0
2015-05-28,7.900000095367432,7.900000095367432,7.900000095367432,7.900000095367432,0
2015-05-29,7.900000095367432,7.900000095367432,7.900000095367432,7.900000095367432,0
2015-06-01,7.900000095367432,7.900000095367432,7.900000095367432,7.900000095367432,0
2015-06-02,7.900000095367432,7.900000095367432,7.900000095367432,7.900000095367432,0
2015-06-03,7.900000095367432,7.900000095367432,7.900000095367432,7.900000095367432,0
2015-06-04,7.900000095367432,7.900000095367432,7.900000095367432,7.900000095367432,0
2015-06-05,7.900000095367432,7.900000095367432,7.900000095367432,7.900000095367432,0
2015-06-08,7.900000095367432,7.900000095367432,7.900000095367432,7.900000095367432,0
2015-06-09,7.800000190734863,7.800000190734863,7.800000190734863,7.800000190734863,130010
2015-06-10,7.800000190734863,7.800000190734863,7.800000190734863,7.800000190734863,0
2015-06-11,7.800000190734863,7.800000190734863,7.800000190734863,7.800000190734863,0
2015-06-12,7.800000190734863,7.800000190734863,7.800000190734863,7.800000190734863,0
2015-06-15,7.900000095367432,7.900000095367432,7.900000095367432,7.900000095367432,900
2015-06-16,7.900000095367432,7.900000095367432,7.900000095367432,7.900000095367432,0
2015-06-17,7.900000095367432,7.900000095367432,7.900000095367432,7.900000095367432,0
2015-06-18,7.900000095367432,7.900000095367432,7.900000095367432,7.900000095367432,0
2015-06-19,7.900000095367432,8.0,7.0,7.099999904632568,31720
2015-06-22,7.800000190734863,7.800000190734863,7.800000190734863,7.800000190734863,5000
2015-06-23,7.800000190734863,7.800000190734863,7.800000190734863,7.800000190734863,0
2015-06-24,7.0,7.0,7.0,7.0,10780
2015-06-25,6.900000095367432,6.900000095367432,6.199999809265137,6.199999809265137,25518
2015-06-26,6.199999809265137,6.199999809265137,6.199999809265137,6.199999809265137,0
2015-06-29,6.199999809265137,6.199999809265137,6.199999809265137,6.199999809265137,0
2015-06-30,7.0,7.0,7.0,7.0,100
2015-07-01,7.0,7.0,7.0,7.0,0
2015-07-02,7.0,7.0,7.0,7.0,0
2015-07-06,7.0,7.0,7.0,7.0,0
2015-07-07,7.0,7.0,7.0,7.0,0
2015-07-08,7.0,7.0,7.0,7.0,17912
2015-07-09,6.199999809265137,6.699999809265137,6.199999809265137,6.699999809265137,5146
2015-07-10,6.699999809265137,6.699999809265137,6.699999809265137,6.699999809265137,0
2015-07-13,6.0,6.099999904632568,5.900000095367432,5.900000095367432,15547
2015-07-14,5.900000095367432,5.900000095367432,5.900000095367432,5.900000095367432,0
2015-07-15,6.5,6.5,6.5,6.5,3000
2015-07-16,6.5,6.5,6.5,6.5,0
2015-07-17,6.5,6.5,6.5,6.5,0
2015-07-20,6.5,6.5,6.5,6.5,2400
2015-07-21,6.5,6.5,6.5,6.5,0
2015-07-22,6.099999904632568,6.5,6.0,6.5,11780
2015-07-23,6.5,6.5,6.5,6.5,0
2015-07-24,6.5,6.5,6.5,6.5,0
2015-07-27,6.5,6.5,6.5,6.5,0
2015-07-28,6.400000095367432,6.400000095367432,6.0,6.300000190734863,29000
2015-07-29,6.300000190734863,6.300000190734863,6.300000190734863,6.300000190734863,0
2015-07-30,6.300000190734863,6.300000190734863,6.300000190734863,6.300000190734863,0
2015-07-31,6.0,6.0,5.800000190734863,5.800000190734863,5350
2015-08-03,5.800000190734863,5.800000190734863,4.800000190734863,4.800000190734863,10000
2015-08-04,4.800000190734863,4.800000190734863,4.800000190734863,4.800000190734863,0
2015-08-05,5.699999809265137,5.699999809265137,5.699999809265137,5.699999809265137,366
2015-08-06,5.699999809265137,5.699999809265137,5.699999809265137,5.699999809265137,0
2015-08-07,5.699999809265137,5.699999809265137,5.699999809265137,5.699999809265137,0
2015-08-10,6.5,6.5,6.5,6.5,8000
2015-08-11,6.900000095367432,6.900000095367432,6.900000095367432,6.900000095367432,1634
2015-08-12,6.900000095367432,6.900000095367432,6.800000190734863,6.800000190734863,8332
2015-08-13,7.5,8.0,7.0,7.0,31800
2015-08-14,7.0,7.900000095367432,7.0,7.900000095367432,13700
2015-08-17,7.900000095367432,7.900000095367432,7.900000095367432,7.900000095367432,0
2015-08-18,7.0,7.0,6.5,6.5,5750
2015-08-19,6.099999904632568,6.099999904632568,6.0,6.099999904632568,11000
2015-08-20,6.099999904632568,6.099999904632568,6.099999904632568,6.099999904632568,0
2015-08-21,6.099999904632568,6.099999904632568,6.099999904632568,6.099999904632568,0
2015-08-24,6.800000190734863,6.800000190734863,6.800000190734863,6.800000190734863,301
2015-08-25,6.400000095367432,6.5,6.0,6.0,5100
2015-08-26,6.900000095367432,6.900000095367432,6.5,6.5,5100
2015-08-27,6.5,6.5,6.5,6.5,0
2015-08-28,6.5,6.5,6.5,6.5,0
2015-08-31,6.5,6.5,6.5,6.5,0
2015-09-01,6.5,6.5,6.5,6.5,0
2015-09-02,6.5,6.5,6.5,6.5,0
2015-09-03,6.300000190734863,6.5,6.300000190734863,6.5,20000
2015-09-04,6.5,6.5,6.5,6.5,2000
2015-09-08,6.5,7.300000190734863,6.300000190734863,7.300000190734863,48935
2015-09-09,6.800000190734863,6.800000190734863,6.599999904632568,6.800000190734863,10824
2015-09-10,6.599999904632568,7.0,6.5,7.0,10435
2015-09-11,7.0,7.0,7.0,7.0,0
2015-09-14,6.5,6.5,6.300000190734863,6.300000190734863,15187
2015-09-15,6.300000190734863,7.5,6.300000190734863,7.5,103312
2015-09-16,7.900000095367432,9.0,7.199999809265137,9.0,154239
2015-09-17,9.0,9.0,9.0,9.0,0
2015-09-18,9.0,9.399999618530273,9.0,9.199999809265137,6001
2015-09-21,8.899999618530273,9.399999618530273,8.899999618530273,9.100000381469727,9800
2015-09-22,7.800000190734863,8.5,7.800000190734863,8.5,10100
2015-09-23,7.300000190734863,7.300000190734863,7.300000190734863,7.300000190734863,2000
2015-09-24,7.099999904632568,7.099999904632568,6.5,6.5,5100
2015-09-25,6.5,7.5,6.5,6.5,16600
2015-09-28,7.599999904632568,7.599999904632568,7.599999904632568,7.599999904632568,100
2015-09-29,7.599999904632568,8.0,7.300000190734863,7.900000095367432,29845
2015-09-30,8.0,8.300000190734863,7.300000190734863,8.100000381469727,46815
2015-10-01,8.0,8.100000381469727,7.300000190734863,8.0,25047
2015-10-02,8.100000381469727,8.100000381469727,8.100000381469727,8.100000381469727,125
2015-10-05,7.5,7.900000095367432,7.300000190734863,7.699999809265137,16300
2015-10-06,7.900000095367432,7.900000095367432,7.199999809265137,7.199999809265137,400
2015-10-07,7.699999809265137,7.800000190734863,7.699999809265137,7.800000190734863,1750
2015-10-08,7.800000190734863,7.800000190734863,7.800000190734863,7.800000190734863,3000
2015-10-09,7.199999809265137,7.699999809265137,6.800000190734863,7.699999809265137,31131
2015-10-12,7.5,7.800000190734863,7.5,7.800000190734863,5146
2015-10-13,7.900000095367432,9.300000190734863,7.699999809265137,8.100000381469727,21754
2015-10-14,8.800000190734863,8.800000190734863,8.800000190734863,8.800000190734863,100
2015-10-15,8.800000190734863,8.800000190734863,8.800000190734863,8.800000190734863,0
2015-10-16,8.800000190734863,8.800000190734863,8.800000190734863,8.800000190734863,0
2015-10-19,8.800000190734863,8.800000190734863,8.800000190734863,8.800000190734863,0
2015-10-20,8.800000190734863,8.800000190734863,8.800000190734863,8.800000190734863,0
2015-10-21,8.800000190734863,8.800000190734863,8.800000190734863,8.800000190734863,0
2015-10-22,8.800000190734863,8.800000190734863,8.800000190734863,8.800000190734863,0
2015-10-23,8.800000190734863,8.800000190734863,8.800000190734863,8.800000190734863,0
2015-10-26,8.800000190734863,8.800000190734863,8.800000190734863,8.800000190734863,0
2015-10-27,7.199999809265137,7.199999809265137,7.199999809265137,7.199999809265137,19846
2015-10-28,7.199999809265137,7.400000095367432,6.0,6.099999904632568,59791
2015-10-29,6.699999809265137,6.699999809265137,6.0,6.0,41946
2015-10-30,6.400000095367432,6.400000095367432,5.0,5.5,56323
2015-11-02,5.699999809265137,5.699999809265137,5.699999809265137,5.699999809265137,6234
2015-11-03,5.800000190734863,6.0,5.800000190734863,6.0,10945
2015-11-04,6.0,6.0,6.0,6.0,0
2015-11-05,5.5,5.5,5.199999809265137,5.199999809265137,20000
2015-11-06,5.400000095367432,6.0,5.400000095367432,6.0,23946
2015-11-09,6.400000095367432,6.599999904632568,5.699999809265137,6.099999904632568,25512
2015-11-10,5.699999809265137,6.199999809265137,5.599999904632568,6.199999809265137,24512
2015-11-11,6.300000190734863,6.5,5.699999809265137,6.199999809265137,14950
2015-11-12,6.099999904632568,6.5,6.099999904632568,6.5,13050
2015-11-13,6.400000095367432,6.800000190734863,6.300000190734863,6.699999809265137,31800
2015-11-16,6.5,6.800000190734863,6.300000190734863,6.599999904632568,16200
2015-11-17,6.599999904632568,6.599999904632568,6.599999904632568,6.599999904632568,1200
2015-11-18,6.599999904632568,6.699999809265137,6.599999904632568,6.699999809265137,6000
2015-11-19,6.400000095367432,6.400000095367432,6.400000095367432,6.400000095367432,9145
2015-11-20,6.400000095367432,6.400000095367432,6.300000190734863,6.300000190734863,6665
2015-11-23,6.099999904632568,6.099999904632568,6.099999904632568,6.099999904632568,2785
2015-11-24,6.300000190734863,6.400000095367432,5.800000190734863,5.800000190734863,16000
2015-11-25,6.199999809265137,6.300000190734863,6.199999809265137,6.199999809265137,13665
2015-11-27,6.099999904632568,7.400000095367432,6.099999904632568,6.400000095367432,93108
2015-11-30,6.699999809265137,6.699999809265137,6.300000190734863,6.599999904632568,13507
2015-12-01,7.099999904632568,7.199999809265137,7.099999904632568,7.199999809265137,8000
2015-12-02,6.699999809265137,6.699999809265137,6.699999809265137,6.699999809265137,3500
2015-12-03,7.0,7.5,7.0,7.5,13514
2015-12-04,7.599999904632568,7.599999904632568,7.300000190734863,7.300000190734863,13000
2015-12-07,7.300000190734863,7.300000190734863,7.300000190734863,7.300000190734863,0
2015-12-08,7.300000190734863,7.300000190734863,7.300000190734863,7.300000190734863,0
2015-12-09,7.300000190734863,7.300000190734863,7.300000190734863,7.300000190734863,0
2015-12-10,6.300000190734863,6.599999904632568,6.300000190734863,6.599999904632568,5600
2015-12-11,6.400000095367432,6.400000095367432,6.400000095367432,6.400000095367432,5000
2015-12-14,6.599999904632568,6.599999904632568,6.599999904632568,6.599999904632568,500
2015-12-15,6.0,6.599999904632568,6.0,6.599999904632568,3463
2015-12-16,6.599999904632568,6.599999904632568,6.599999904632568,6.599999904632568,0
2015-12-17,6.599999904632568,6.599999904632568,6.0,6.0,36500
2015-12-18,5.800000190734863,5.800000190734863,5.800000190734863,5.800000190734863,5337
2015-12-21,5.599999904632568,5.800000190734863,5.199999809265137,5.599999904632568,58468
2015-12-22,5.599999904632568,5.599999904632568,5.199999809265137,5.199999809265137,5500
2015-12-23,5.199999809265137,5.599999904632568,5.199999809265137,5.599999904632568,5366
2015-12-24,5.599999904632568,5.599999904632568,5.599999904632568,5.599999904632568,0
2015-12-28,5.199999809265137,5.599999904632568,5.199999809265137,5.599999904632568,15500
2015-12-29,5.0,5.300000190734863,5.0,5.0,21000
2015-12-30,5.0,5.199999809265137,5.0,5.199999809265137,27798
2015-12-31,5.199999809265137,5.199999809265137,5.199999809265137,5.199999809265137,0
2016-01-04,5.5,5.599999904632568,5.0,5.0,35987
2016-01-05,5.0,5.0,5.0,5.0,7782
2016-01-06,5.300000190734863,5.300000190734863,5.0,5.0,65500
2016-01-07,5.0,5.0,5.0,5.0,0
2016-01-08,5.099999904632568,5.099999904632568,5.0,5.099999904632568,3600
2016-01-11,5.099999904632568,5.099999904632568,5.0,5.0,68700
2016-01-12,4.800000190734863,4.800000190734863,4.5,4.599999904632568,17500
2016-01-13,4.599999904632568,4.599999904632568,4.599999904632568,4.599999904632568,0
2016-01-14,5.0,5.099999904632568,5.0,5.099999904632568,73031
2016-01-15,5.099999904632568,5.199999809265137,5.099999904632568,5.199999809265137,29449
2016-01-19,5.5,5.5,5.400000095367432,5.5,20118
2016-01-20,4.5,5.400000095367432,4.5,5.400000095367432,6100
2016-01-21,5.400000095367432,5.400000095367432,5.0,5.0,15600
2016-01-22,5.300000190734863,5.300000190734863,5.300000190734863,5.300000190734863,10
2016-01-25,4.5,4.5,4.5,4.5,25000
2016-01-26,4.599999904632568,4.599999904632568,4.5,4.5,28710
2016-01-27,4.599999904632568,4.599999904632568,4.5,4.5,25100
2016-01-28,4.5,4.5,4.5,4.5,0
2016-01-29,4.699999809265137,5.199999809265137,4.699999809265137,5.199999809265137,3600
2016-02-01,5.0,5.0,5.0,5.0,2000
2016-02-02,5.0,5.0,5.0,5.0,0
2016-02-03,5.300000190734863,5.300000190734863,5.300000190734863,5.300000190734863,200
2016-02-04,5.300000190734863,5.300000190734863,5.300000190734863,5.300000190734863,0
2016-02-05,5.300000190734863,5.300000190734863,5.300000190734863,5.300000190734863,0
2016-02-08,5.300000190734863,5.300000190734863,5.300000190734863,5.300000190734863,0
2016-02-09,5.300000190734863,5.300000190734863,5.300000190734863,5.300000190734863,0
2016-02-10,4.300000190734863,4.300000190734863,4.300000190734863,4.300000190734863,4600
2016-02-11,4.300000190734863,4.300000190734863,4.300000190734863,4.300000190734863,0
2016-02-12,4.699999809265137,4.699999809265137,4.699999809265137,4.699999809265137,4500
2016-02-16,4.300000190734863,4.300000190734863,4.300000190734863,4.300000190734863,10000
2016-02-17,4.800000190734863,4.800000190734863,4.800000190734863,4.800000190734863,200
2016-02-18,4.900000095367432,4.900000095367432,4.900000095367432,4.900000095367432,800
2016-02-19,4.900000095367432,4.900000095367432,4.900000095367432,4.900000095367432,4200
2016-02-22,4.900000095367432,4.900000095367432,4.900000095367432,4.900000095367432,10000
2016-02-23,5.099999904632568,5.199999809265137,5.0,5.199999809265137,57500
2016-02-24,5.199999809265137,6.199999809265137,5.199999809265137,6.199999809265137,406364
2016-02-25,6.300000190734863,7.400000095367432,6.300000190734863,7.400000095367432,214791
2016-02-26,8.600000381469727,8.699999809265137,7.400000095367432,8.0,75086
2016-02-29,8.600000381469727,8.699999809265137,7.199999809265137,8.0,100517
2016-03-01,8.300000190734863,8.800000190734863,8.199999809265137,8.800000190734863,384561
2016-03-02,8.5,8.800000190734863,8.0,8.600000381469727,83598
2016-03-03,8.699999809265137,8.800000190734863,8.699999809265137,8.800000190734863,9986
2016-03-04,8.5,9.300000190734863,8.100000381469727,9.0,267930
2016-03-07,8.100000381469727,8.600000381469727,8.0,8.199999809265137,32510
2016-03-08,8.199999809265137,8.199999809265137,8.199999809265137,8.199999809265137,10
2016-03-09,7.599999904632568,7.599999904632568,7.599999904632568,7.599999904632568,3074
2016-03-10,6.800000190734863,7.5,6.800000190734863,7.5,29641
2016-03-11,8.0,8.0,7.699999809265137,7.900000095367432,9000
2016-03-14,7.900000095367432,7.900000095367432,7.900000095367432,7.900000095367432,0
2016-03-15,7.900000095367432,7.900000095367432,7.900000095367432,7.900000095367432,0
2016-03-16,7.800000190734863,7.800000190734863,6.599999904632568,7.300000190734863,14726
2016-03-17,7.199999809265137,7.400000095367432,6.599999904632568,7.199999809265137,7129
2016-03-18,6.699999809265137,6.800000190734863,6.0,6.800000190734863,75220
2016-03-21,6.800000190734863,6.800000190734863,6.800000190734863,6.800000190734863,0
2016-03-22,6.800000190734863,6.800000190734863,6.800000190734863,6.800000190734863,0
2016-03-23,6.800000190734863,6.800000190734863,6.800000190734863,6.800000190734863,0
2016-03-24,6.800000190734863,6.800000190734863,6.800000190734863,6.800000190734863,0
2016-03-28,6.800000190734863,6.800000190734863,6.800000190734863,6.800000190734863,0
2016-03-29,6.5,6.5,6.0,6.0,14000
2016-03-30,6.5,6.5,6.5,6.5,1345
2016-03-31,6.5,6.5,6.5,6.5,0
2016-04-01,6.5,6.5,6.0,6.0,25655
2016-04-04,6.0,6.0,5.599999904632568,5.599999904632568,22000
2016-04-05,5.900000095367432,5.900000095367432,5.900000095367432,5.900000095367432,4000
2016-04-06,5.900000095367432,5.900000095367432,5.900000095367432,5.900000095367432,0
2016-04-07,5.900000095367432,5.900000095367432,5.900000095367432,5.900000095367432,0
2016-04-08,5.900000095367432,6.300000190734863,5.900000095367432,6.300000190734863,22500
2016-04-11,6.400000095367432,6.800000190734863,6.400000095367432,6.800000190734863,11000
2016-04-12,6.800000190734863,6.900000095367432,6.199999809265137,6.199999809265137,10034
2016-04-13,6.199999809265137,6.199999809265137,6.199999809265137,6.199999809265137,0
2016-04-14,6.300000190734863,6.400000095367432,6.0,6.400000095367432,12600
2016-04-15,6.599999904632568,6.800000190734863,6.0,6.0,47700
2016-04-18,6.0,6.0,5.900000095367432,5.900000095367432,10471
2016-04-19,5.900000095367432,5.900000095367432,5.900000095367432,5.900000095367432,0
2016-04-20,5.900000095367432,5.900000095367432,5.900000095367432,5.900000095367432,0
2016-04-21,6.0,6.400000095367432,6.0,6.300000190734863,30131
2016-04-22,6.400000095367432,6.400000095367432,6.400000095367432,6.400000095367432,9900
2016-04-25,6.400000095367432,6.400000095367432,6.400000095367432,6.400000095367432,0
2016-04-26,6.800000190734863,7.599999904632568,6.800000190734863,7.599999904632568,219736
2016-04-27,7.900000095367432,8.0,7.800000190734863,7.900000095367432,14000
2016-04-28,7.199999809265137,7.199999809265137,7.0,7.0,81736
2016-04-29,7.400000095367432,7.599999904632568,6.699999809265137,7.5,71932
2016-05-02,7.5,7.5,7.199999809265137,7.199999809265137,31000
2016-05-03,7.199999809265137,7.199999809265137,7.199999809265137,7.199999809265137,5000
2016-05-04,7.199999809265137,7.199999809265137,7.199999809265137,7.199999809265137,0
2016-05-05,7.199999809265137,7.199999809265137,7.199999809265137,7.199999809265137,0
2016-05-06,6.699999809265137,6.699999809265137,6.699999809265137,6.699999809265137,1332
2016-05-09,7.199999809265137,7.199999809265137,7.199999809265137,7.199999809265137,1000
2016-05-10,7.199999809265137,7.199999809265137,7.199999809265137,7.199999809265137,0
2016-05-11,6.5,6.5,6.5,6.5,50000
2016-05-12,6.5,6.5,6.5,6.5,0
2016-05-13,6.599999904632568,6.599999904632568,6.599999904632568,6.599999904632568,3000
2016-05-16,6.599999904632568,6.599999904632568,6.599999904632568,6.599999904632568,0
2016-05-17,6.599999904632568,6.599999904632568,6.599999904632568,6.599999904632568,0
2016-05-18,7.300000190734863,7.300000190734863,7.300000190734863,7.300000190734863,40000
2016-05-19,7.300000190734863,7.300000190734863,7.300000190734863,7.300000190734863,0
2016-05-20,6.800000190734863,6.800000190734863,6.599999904632568,6.599999904632568,4138
2016-05-23,6.599999904632568,6.599999904632568,6.5,6.5,47510
2016-05-24,7.0,7.0,7.0,7.0,2000
2016-05-25,7.0,7.0,7.0,7.0,4000
2016-05-26,7.0,7.0,7.0,7.0,0
2016-05-27,6.5,6.5,6.5,6.5,1000
2016-05-31,6.900000095367432,6.900000095367432,6.900000095367432,6.900000095367432,3000
2016-06-01,6.900000095367432,7.5,6.400000095367432,6.900000095367432,49500
2016-06-02,6.5,6.5,6.400000095367432,6.400000095367432,22330
2016-06-03,6.599999904632568,6.599999904632568,6.400000095367432,6.400000095367432,7170
2016-06-06,6.400000095367432,6.400000095367432,6.0,6.0,156654
2016-06-07,6.0,6.0,5.5,6.0,21000
2016-06-08,6.0,6.0,5.5,6.0,107200
2016-06-09,5.199999809265137,5.400000095367432,5.199999809265137,5.400000095367432,3415
2016-06-10,5.599999904632568,5.599999904632568,5.300000190734863,5.599999904632568,21090
2016-06-13,5.599999904632568,6.0,5.199999809265137,5.199999809265137,47105
2016-06-14,5.099999904632568,5.099999904632568,5.099999904632568,5.099999904632568,45000
2016-06-15,5.099999904632568,5.699999809265137,5.099999904632568,5.5,38155
2016-06-16,5.199999809265137,5.199999809265137,5.199999809265137,5.199999809265137,9995
2016-06-17,5.199999809265137,5.199999809265137,5.199999809265137,5.199999809265137,0
2016-06-20,5.199999809265137,5.199999809265137,5.199999809265137,5.199999809265137,0
2016-06-21,5.0,5.0,4.900000095367432,4.900000095367432,175321
2016-06-22,5.0,5.699999809265137,5.0,5.699999809265137,193345
2016-06-23,5.5,5.5,5.5,5.5,18455
2016-06-24,5.5,5.5,5.5,5.5,0
2016-06-27,5.5,5.5,5.5,5.5,0
2016-06-28,5.5,5.5,5.5,5.5,0
2016-06-29,5.5,5.5,5.5,5.5,1850
2016-06-30,5.0,5.0,5.0,5.0,23545
2016-07-01,5.0,5.0,5.0,5.0,24400
2016-07-05,5.0,5.0,5.0,5.0,2000
2016-07-06,5.0,5.0,5.0,5.0,12500
2016-07-07,5.0,5.0,5.0,5.0,0
2016-07-08,5.5,5.599999904632568,5.099999904632568,5.5,123450
2016-07-11,5.5,5.5,5.5,5.5,0
2016-07-12,5.599999904632568,5.599999904632568,5.599999904632568,5.599999904632568,5500
2016-07-13,5.599999904632568,5.599999904632568,5.599999904632568,5.599999904632568,0
2016-07-14,5.599999904632568,5.599999904632568,5.599999904632568,5.599999904632568,0
2016-07-15,5.599999904632568,5.599999904632568,5.199999809265137,5.199999809265137,23500
2016-07-18,5.599999904632568,5.699999809265137,5.099999904632568,5.699999809265137,63500
2016-07-19,5.599999904632568,5.599999904632568,5.599999904632568,5.599999904632568,4000
2016-07-20,5.599999904632568,5.599999904632568,5.599999904632568,5.599999904632568,0
2016-07-21,5.199999809265137,5.199999809265137,5.199999809265137,5.199999809265137,8000
2016-07-22,5.199999809265137,5.199999809265137,5.199999809265137,5.199999809265137,0
2016-07-25,5.5,5.5,5.0,5.0,19000
2016-07-26,5.400000095367432,5.400000095367432,5.0,5.0,47461
2016-07-27,5.099999904632568,5.400000095367432,5.0,5.400000095367432,66111
2016-07-28,5.400000095367432,5.400000095367432,5.400000095367432,5.400000095367432,0
2016-07-29,5.199999809265137,5.699999809265137,5.0,5.5,361000
2016-08-01,5.5,5.5,5.5,5.5,4000
2016-08-02,5.099999904632568,5.099999904632568,5.0,5.0,123500
2016-08-03,5.0,5.0,5.0,5.0,0
2016-08-04,5.300000190734863,5.300000190734863,5.099999904632568,5.300000190734863,18800
2016-08-05,5.300000190734863,5.300000190734863,5.300000190734863,5.300000190734863,6000
2016-08-08,5.300000190734863,5.300000190734863,5.099999904632568,5.099999904632568,15000
2016-08-09,5.099999904632568,5.099999904632568,5.099999904632568,5.099999904632568,0
2016-08-10,5.199999809265137,5.199999809265137,5.199999809265137,5.199999809265137,5000
2016-08-11,5.199999809265137,5.199999809265137,5.199999809265137,5.199999809265137,0
2016-08-12,5.199999809265137,5.400000095367432,5.199999809265137,5.400000095367432,15500
2016-08-15,5.0,5.0,5.0,5.0,8000
2016-08-16,5.0,5.199999809265137,5.0,5.199999809265137,3627
2016-08-17,5.099999904632568,5.099999904632568,5.099999904632568,5.099999904632568,10000
2016-08-18,5.199999809265137,6.0,5.199999809265137,5.900000095367432,93232
2016-08-19,5.5,5.900000095367432,5.5,5.599999904632568,37100
2016-08-22,5.5,5.5,5.5,5.5,2500
2016-08-23,5.599999904632568,5.599999904632568,5.599999904632568,5.599999904632568,10000
2016-08-24,5.199999809265137,5.199999809265137,5.199999809265137,5.199999809265137,4672
2016-08-25,5.599999904632568,5.699999809265137,5.599999904632568,5.699999809265137,5000
2016-08-26,5.099999904632568,5.099999904632568,5.099999904632568,5.099999904632568,9150
2016-08-29,5.099999904632568,5.099999904632568,5.099999904632568,5.099999904632568,0
2016-08-30,5.099999904632568,5.099999904632568,5.099999904632568,5.099999904632568,3800
2016-08-31,5.099999904632568,5.099999904632568,5.099999904632568,5.099999904632568,0
2016-09-01,5.300000190734863,5.5,5.300000190734863,5.5,26300
2016-09-02,5.0,5.5,4.400000095367432,5.099999904632568,107910
2016-09-06,5.300000190734863,5.300000190734863,5.300000190734863,5.300000190734863,0
2016-09-07,5.300000190734863,5.300000190734863,5.300000190734863,5.300000190734863,0
2016-09-08,5.400000095367432,6.099999904632568,5.400000095367432,6.0,185211
2016-09-09,5.699999809265137,6.0,5.599999904632568,6.0,51422
2016-09-12,5.599999904632568,5.800000190734863,5.0,5.199999809265137,379100
2016-09-13,5.199999809265137,5.199999809265137,4.5,4.699999809265137,464800
2016-09-14,4.599999904632568,4.599999904632568,3.799999952316284,4.0,781626
2016-09-15,4.199999809265137,4.599999904632568,3.700000047683716,4.0,560622
2016-09-16,4.0,4.099999904632568,3.700000047683716,3.9000000953674316,224500
2016-09-19,3.9000000953674316,4.0,3.200000047683716,3.4000000953674316,1113870
2016-09-20,3.5,3.799999952316284,2.799999952316284,3.0999999046325684,1432435
2016-09-21,3.0,3.4000000953674316,3.0,3.200000047683716,795914
2016-09-22,3.0999999046325684,3.0999999046325684,2.5999999046325684,2.5999999046325684,1957752
2016-09-23,2.5999999046325684,2.5999999046325684,2.0999999046325684,2.299999952316284,1526174
2016-09-26,2.4000000953674316,2.4000000953674316,2.200000047683716,2.4000000953674316,129562
2016-09-27,2.4000000953674316,2.4000000953674316,2.299999952316284,2.299999952316284,128003
2016-09-28,2.299999952316284,2.299999952316284,2.299999952316284,2.299999952316284,19103
2016-09-29,2.299999952316284,2.5,2.299999952316284,2.5,133456
2016-09-30,2.5999999046325684,2.700000047683716,2.5,2.700000047683716,173900
2016-10-03,2.5999999046325684,2.799999952316284,2.5,2.5999999046325684,412572
2016-10-04,2.4000000953674316,2.5,2.4000000953674316,2.4000000953674316,113496
2016-10-05,2.5,2.5999999046325684,2.4000000953674316,2.4000000953674316,19000
2016-10-06,2.4000000953674316,2.4000000953674316,2.4000000953674316,2.4000000953674316,0
2016-10-07,2.4000000953674316,2.4000000953674316,2.4000000953674316,2.4000000953674316,0
2016-10-10,2.4000000953674316,2.4000000953674316,2.4000000953674316,2.4000000953674316,0
2016-10-11,2.4000000953674316,2.4000000953674316,2.4000000953674316,2.4000000953674316,0
2016-10-12,2.4000000953674316,2.4000000953674316,2.4000000953674316,2.4000000953674316,0
2016-10-13,2.4000000953674316,2.4000000953674316,2.4000000953674316,2.4000000953674316,0
2016-10-14,2.4000000953674316,2.4000000953674316,2.4000000953674316,2.4000000953674316,0
2016-10-17,2.4000000953674316,2.4000000953674316,2.4000000953674316,2.4000000953674316,0
2016-10-18,2.4000000953674316,2.4000000953674316,2.4000000953674316,2.4000000953674316,0
2016-10-19,2.4000000953674316,2.4000000953674316,2.4000000953674316,2.4000000953674316,0
2016-10-20,2.4000000953674316,2.4000000953674316,2.4000000953674316,2.4000000953674316,0
2016-10-21,2.4000000953674316,2.4000000953674316,2.4000000953674316,2.4000000953674316,0
2016-10-24,2.4000000953674316,2.4000000953674316,2.4000000953674316,2.4000000953674316,0
2016-10-25,2.4000000953674316,2.4000000953674316,2.4000000953674316,2.4000000953674316,0
2016-10-26,2.4000000953674316,2.4000000953674316,2.4000000953674316,2.4000000953674316,0
2016-10-27,2.4000000953674316,2.4000000953674316,2.4000000953674316,2.4000000953674316,0
2016-10-28,2.4000000953674316,2.4000000953674316,2.4000000953674316,2.4000000953674316,0
2016-10-31,2.4000000953674316,2.4000000953674316,2.4000000953674316,2.4000000953674316,0
2016-11-01,2.4000000953674316,2.4000000953674316,2.4000000953674316,2.4000000953674316,0
2016-11-02,2.4000000953674316,2.4000000953674316,2.4000000953674316,2.4000000953674316,0
2016-11-03,2.4000000953674316,2.4000000953674316,2.4000000953674316,2.4000000953674316,0
2016-11-04,2.4000000953674316,2.4000000953674316,2.4000000953674316,2.4000000953674316,0
2016-11-07,2.4000000953674316,2.4000000953674316,2.4000000953674316,2.4000000953674316,0
2016-11-08,2.4000000953674316,2.4000000953674316,2.4000000953674316,2.4000000953674316,0
2016-11-09,2.4000000953674316,2.4000000953674316,2.4000000953674316,2.4000000953674316,0
2016-11-10,2.4000000953674316,2.4000000953674316,2.4000000953674316,2.4000000953674316,0
2016-11-11,2.4000000953674316,2.4000000953674316,2.4000000953674316,2.4000000953674316,0
2016-11-14,2.4000000953674316,2.4000000953674316,2.4000000953674316,2.4000000953674316,0
2016-11-15,2.4000000953674316,2.4000000953674316,2.4000000953674316,2.4000000953674316,0
2016-11-16,2.4000000953674316,2.4000000953674316,2.4000000953674316,2.4000000953674316,0
2016-11-17,2.4000000953674316,2.4000000953674316,2.4000000953674316,2.4000000953674316,0
2016-11-18,2.4000000953674316,2.4000000953674316,2.4000000953674316,2.4000000953674316,0
2016-11-21,2.4000000953674316,2.4000000953674316,2.4000000953674316,2.4000000953674316,0
2016-11-22,2.4000000953674316,2.4000000953674316,2.4000000953674316,2.4000000953674316,0
2016-11-23,2.4000000953674316,2.4000000953674316,2.4000000953674316,2.4000000953674316,0
2016-11-25,2.4000000953674316,2.4000000953674316,2.4000000953674316,2.4000000953674316,0
2016-11-28,2.4000000953674316,2.4000000953674316,2.4000000953674316,2.4000000953674316,0
2016-11-29,2.4000000953674316,2.4000000953674316,2.4000000953674316,2.4000000953674316,0
2016-11-30,2.4000000953674316,2.4000000953674316,2.4000000953674316,2.4000000953674316,0
2016-12-01,2.4000000953674316,2.4000000953674316,2.4000000953674316,2.4000000953674316,0
2016-12-02,2.4000000953674316,2.4000000953674316,2.4000000953674316,2.4000000953674316,0
2016-12-05,2.4000000953674316,2.4000000953674316,2.4000000953674316,2.4000000953674316,0
2016-12-06,2.4000000953674316,2.4000000953674316,2.4000000953674316,2.4000000953674316,0
2016-12-07,2.4000000953674316,2.4000000953674316,2.4000000953674316,2.4000000953674316,0
2016-12-08,2.4000000953674316,2.4000000953674316,2.4000000953674316,2.4000000953674316,0
2016-12-09,2.4000000953674316,2.4000000953674316,2.4000000953674316,2.4000000953674316,0
2016-12-12,2.4000000953674316,2.4000000953674316,2.4000000953674316,2.4000000953674316,0
2016-12-13,2.4000000953674316,2.4000000953674316,2.4000000953674316,2.4000000953674316,0
2016-12-14,2.4000000953674316,2.4000000953674316,2.4000000953674316,2.4000000953674316,0
2016-12-15,2.4000000953674316,2.4000000953674316,2.4000000953674316,2.4000000953674316,0
2016-12-16,2.4000000953674316,2.4000000953674316,2.4000000953674316,2.4000000953674316,0
2016-12-19,2.4000000953674316,2.4000000953674316,2.4000000953674316,2.4000000953674316,0
2016-12-20,2.4000000953674316,2.4000000953674316,2.4000000953674316,2.4000000953674316,0
2016-12-21,2.4000000953674316,2.4000000953674316,2.4000000953674316,2.4000000953674316,0
2016-12-22,2.4000000953674316,2.4000000953674316,2.4000000953674316,2.4000000953674316,0
2016-12-23,2.4000000953674316,2.4000000953674316,2.4000000953674316,2.4000000953674316,0
2016-12-27,2.4000000953674316,2.4000000953674316,2.4000000953674316,2.4000000953674316,0
2016-12-28,2.4000000953674316,2.4000000953674316,2.4000000953674316,2.4000000953674316,0
2016-12-29,2.4000000953674316,2.4000000953674316,2.4000000953674316,2.4000000953674316,0
2016-12-30,2.4000000953674316,2.4000000953674316,2.4000000953674316,2.4000000953674316,0
2017-01-03,2.4000000953674316,2.4000000953674316,2.4000000953674316,2.4000000953674316,0
2017-01-04,2.4000000953674316,2.4000000953674316,2.4000000953674316,2.4000000953674316,0
2017-01-05,2.4000000953674316,2.4000000953674316,2.4000000953674316,2.4000000953674316,0
2017-01-06,2.4000000953674316,2.4000000953674316,2.4000000953674316,2.4000000953674316,0
2017-01-09,2.4000000953674316,2.4000000953674316,2.4000000953674316,2.4000000953674316,0
2017-01-10,2.4000000953674316,2.4000000953674316,2.4000000953674316,2.4000000953674316,0
2017-01-11,2.4000000953674316,2.4000000953674316,2.4000000953674316,2.4000000953674316,0
2017-01-12,2.4000000953674316,2.4000000953674316,2.4000000953674316,2.4000000953674316,0
2017-01-13,2.4000000953674316,2.4000000953674316,2.4000000953674316,2.4000000953674316,0
2017-01-17,2.4000000953674316,2.4000000953674316,2.4000000953674316,2.4000000953674316,0
2017-01-18,2.4000000953674316,2.4000000953674316,2.4000000953674316,2.4000000953674316,0
2017-01-19,2.4000000953674316,2.4000000953674316,2.4000000953674316,2.4000000953674316,0
2017-01-20,2.4000000953674316,2.4000000953674316,2.4000000953674316,2.4000000953674316,0
2017-01-23,2.4000000953674316,2.4000000953674316,2.4000000953674316,2.4000000953674316,0
2017-01-24,2.4000000953674316,2.4000000953674316,2.4000000953674316,2.4000000953674316,0
2017-01-25,2.4000000953674316,2.4000000953674316,2.4000000953674316,2.4000000953674316,0
2017-01-26,2.4000000953674316,2.4000000953674316,2.4000000953674316,2.4000000953674316,0
2017-01-27,2.4000000953674316,2.4000000953674316,2.4000000953674316,2.4000000953674316,0
2017-01-30,2.4000000953674316,2.4000000953674316,2.4000000953674316,2.4000000953674316,0
2017-01-31,2.4000000953674316,2.4000000953674316,2.4000000953674316,2.4000000953674316,0
2017-02-01,2.4000000953674316,2.4000000953674316,2.4000000953674316,2.4000000953674316,0
2017-02-02,2.4000000953674316,2.4000000953674316,2.4000000953674316,2.4000000953674316,0
2017-02-03,2.4000000953674316,2.4000000953674316,2.4000000953674316,2.4000000953674316,0
2017-02-06,2.4000000953674316,2.4000000953674316,2.4000000953674316,2.4000000953674316,0
2017-02-07,2.4000000953674316,2.4000000953674316,2.4000000953674316,2.4000000953674316,0
2017-02-08,2.4000000953674316,2.4000000953674316,2.4000000953674316,2.4000000953674316,0
2017-02-09,2.4000000953674316,2.4000000953674316,2.4000000953674316,2.4000000953674316,0
2017-02-10,2.4000000953674316,2.4000000953674316,2.4000000953674316,2.4000000953674316,0
2017-02-13,2.4000000953674316,2.4000000953674316,2.4000000953674316,2.4000000953674316,0
2017-02-14,2.4000000953674316,2.4000000953674316,2.4000000953674316,2.4000000953674316,0
2017-02-15,2.4000000953674316,2.4000000953674316,2.4000000953674316,2.4000000953674316,0
2017-02-16,2.4000000953674316,2.4000000953674316,2.4000000953674316,2.4000000953674316,0
2017-02-17,2.4000000953674316,2.4000000953674316,2.4000000953674316,2.4000000953674316,0
2017-02-21,2.4000000953674316,2.4000000953674316,2.4000000953674316,2.4000000953674316,0
2017-02-22,2.4000000953674316,2.4000000953674316,2.4000000953674316,2.4000000953674316,0
2017-02-23,2.4000000953674316,2.4000000953674316,2.4000000953674316,2.4000000953674316,0
2017-02-24,2.4000000953674316,2.4000000953674316,2.4000000953674316,2.4000000953674316,0
2017-02-27,2.4000000953674316,2.4000000953674316,2.4000000953674316,2.4000000953674316,0
2017-02-28,2.4000000953674316,2.4000000953674316,2.4000000953674316,2.4000000953674316,0
